id	org	name	gender
100001	IND	ANTHONY Amalraj	M
100032	EGY	ABDEL-AZIZ Farah	W
100079	NGR	ABIODUN Bode	M
100089	RSA	ABRAHAMS Luke	M
100154	TOG	AGBETOGLO Mawussi	M
100189	QAT	ALAWLAQI Ahmed	M
100190	UAE	AHMAD Faisal	M
100196	MDV	AHMED Moosa	M
100218	USA	AKHLAGHPASAND Mohammadreza	M
100261	TUN	BOU AZIZ Mokhtar	M
100302	KSA	AL-JADAI Naif	M
100329	QAT	ALMUGHANNE Fahed	M
100439	EGY	SALEH Ahmed	M
100445	KSA	ALIM Azzam	M
100486	ARG	ALTO Gaston	M
100534	BEN	AMUSA Jimoh	M
100621	POR	APOLONIA Tiago	M
100642	CRC	ARAYA Angie	W
100696	EGY	ASSAR Omar	M
100817	ENG	BAGGALEY Andrew	M
100868	SVK	Barbora BALAZOVA	W
101000	AUS	Michelle BROMLEY	W
101031	ALG	BELKADI Aissa	M
101040	PYF	BELROSE Ocean	M
101168	PER	BLAS Bryan	M
101192	ITA	BOBOCICA Mihai	M
101222	GER	Timo BOLL	M
101247	ANG	BORGES Jerusa	W
101276	ALG	BOUDJADJA Mohamed Sofiene	M
101480	ESP	CANTERO Jesus	M
101514	POR	CARVALHO Diogo	M
101545	ROU	CAZACU Alexandru	M
101648	TPE	CHEN Chien-An	M
101820	TPE	CHUANG Chih-Yuan	M
101836	TTO	CHUNG Rheann	W
101861	MHL	CLANRY Clarence	M
101877	ECU	COELLO Geovanny	M
101879	RSA	COGILL Theo	M
102201	IND	DESHPANDE Divya	W
102213	NCL	DEY Jeremy	M
102316	ROU	MONTEIRO DODEAN Daniela	W
102367	BAR	Mark DOWELL	M
102380	ENG	DRINKHALL Paul	M
102427	ESP	DVORAK Galia	W
102441	CMR	EBODE MVILONGO Simon	M
102445	NGR	Offiong EDEM	W
102486	EGY	EL-BEIALI Mohamed	M
102671	QAT	FARAMARZI Maha	W
102680	BAR	FARLEY Kevin	M
102682	BAR	Trevor FARLEY	M
102690	HUN	Maria FAZEKAS	W
102697	AUT	Stefan FEGERL	X
102712	SGP	FENG Tianwei	W
102761	GER	FILUS Ruwen	M
102827	GUY	FRANKLIN Christopher	M
102832	GER	Patrick FRANZISKA	M
102841	POR	FREITAS Marcos	M
102863	POR	Fu YU	W
102891	CRO	GACINA Andrej	M
102949	UKR	GAPONOVA Ganna	W
102968	AUT	Robert GARDOS	M
102983	GUA	GATICA Hector	M
103047	ETH	MEKURIA Meron	W
103070	IND	GHOSH Soumyajit	M
103075	VEN	GIANNINI Antonio	M
103107	GRE	Panagiotis GIONIS	M
103126	IND	GNANASEKARAN Sathiyan	M
103163	USA	GOMBOS Ludovic	M
103175	LUX	Tessy GONDERINGER	W
103182	ARG	GONZALES Oscar Enrique	M
103189	PER	GONZALEZ Eliana	W
103230	VEN	GRANADILLO Rafael	M
103308	SVK	GUMAN Martin	M
103329	GUA	GUTIERREZ Allan	M
103345	AUT	HABESOHN Daniel	M
103425	CMR	Sarah HANFFOU	W
103621	TUN	Adam HMAM	M
103635	NZL	HER-LEE Sarah	W
103752	TPE	HUANG Yi-Hua	W
103903	ROU	Ovidiu IONESCU	M
104036	CZE	JANCARIK Lubomir	M
104092	AUS	JEE  Minhyung	W
104115	SRB	Marko JEVTOVIC	M
104192	RSA	JONES Shaun	M
104257	KOR	JEOUNG Youngsik	M
104314	IND	Sharath Kamal ACHANTA	M
104359	SRB	KARAKASEVIC Aleksandar	M
104379	SWE	KARLSSON Kristian	M
104462	SVK	KEINATH Thomas	M
104514	ALG	KHEROUF Sami	M
104760	CRO	KOJIC Frane	M
104892	GRE	KREANGA Kalinikos	M
105008	EST	LAANE Lauri	M
105109	TOG	LAWSON-GAIZER Fessou	M
105111	AUS	Jian Fang LAY	W
105136	FRA	LEBESSON Emmanuel	M
105159	HKG	LEE Ho Ching	W
105197	KOR	LEE Sangsu	M
105233	USA	LEIBOVITZ Tahl	M
105242	ANG	LEMOS Antonio	M
105341	POL	Qian LI	W
105469	AUT	Jia LIU	W
105472	USA	Juan LIU	W
105482	CHN	LIU Shiwen	W
105508	MGL	Lkhagvasuren ENKHBAT	M
105565	GUY	LOWE Trenace	W
105604	VAN	LULU Ham	M
105649	CHN	MA Long	M
105678	RSA	MADAREE Arisha	W
105679	MEX	MADRID Marcos	M
105681	SRI	MADURANGI Ishara	W
105779	CRO	MALOBABIC Ivana	W
105867	NCL	FAEHAU Fabiana	W
105913	CZE	Hana MATELOVA	W
106050	GER	MENGEL Steffen	M
106068	ETH	GULTI Marta	W
106114	RUS	Polina MIKHAILOVA	W
106151	ECU	MINO Alberto	M
106195	JPN	MIZUTANI Jun	M
106208	KEN	THAKKAR Sejal	W
106296	POR	MONTEIRO Joao	M
106298	BRA	MONTEIRO Thiago	M
106344	NCL	MORISSEAU Jerome	M
106366	GUA	MOSCOSO Heber	M
106600	VEN	NAVAS Marco	M
106660	HKG	NG Wing Nam	W
106706	LUX	Xia Lian NI	W
106788	RUS	NOSKOVA Yana	W
106814	BEL	NUYTINCK Cedric	M
106843	CIV	OBA Don Ange Cedric	M
106848	CZE	OBESLO Michal	M
106868	NGR	AKPAN Cecilia	W
106897	BEN	OLABIYI Monday	M
106913	CHI	OLIVARES Felipe	M
106917	POR	OLIVEIRA Leila	W
106995	NGR	Olufunke OSHONAIKE	W
107028	GER	Dimitrij OVTCHAROV	M
107156	KOR	PARK Joohyun	W
107177	POL	Natalia PARTYKA	W
107194	IND	PATKAR Madhurika	W
107272	CUB	PEREIRA Andy	M
107302	HUN	PERGEL Szandra	W
107312	SWE	PERSSON Jon	M
107321	UKR	PESOTSKA Margaryta	W
107324	SRB	Zsolt PETO	M
107335	BUL	PETKOV Vladimir	M
107434	VEN	PINO Jonathan	M
107445	SVK	PISTEJ Lubomir	M
107456	BLR	PLATONOV Pavel	M
107477	AUT	Sofia POLCANOVA	W
107525	HUN	Georgina POTA	W
107570	UKR	PRYSHCHEPA Yevhen	M
107611	FIJ	WANG Qi	M
107658	SMR	RAGNI Lorenzo	M
107707	COL	RAMOS Julian	M
107762	ITA	RECH DALDOSSO Marco	M
107769	CRO	REDJEP Ronald	X
107893	GRE	RINIOTIS Anastasios	M
108204	FRA	SALIFOU Abdel-Kader	M
108226	ROU	SAMARA Elizabeta	W
108246	BLR	SAMSONOV Vladimir	M
108276	THA	SANGUANSIN Phakpoom	M
108289	VAN	SANTHY Liopa	W
108425	ANG	SEBASTIAO Hermenegildo	M
108470	KOR	SUH Hyowon	W
108526	IRI	SHAHSAVARI Neda	W
108574	IND	SHETTY Sanil	M
108581	RUS	Alexander SHIBAEV	M
108602	VAN	Yoshua SHING	M
108657	POL	SIKORSKA Magdalena	W
108667	POR	SILVA Andre	M
108742	RUS	SKACHKOV Kirill	M
108824	NZL	SOH Adrian	M
108825	LBN	Mariana Sahakian	W
108826	FIN	SOINE Samuli	M
108843	AUT	SOLJA Amelie	W
108875	UKR	Tetyana BILENKO	W
108955	ITA	STEFANOVA Nikoleta	W
108956	POL	STEFANSKA Kinga	W
108958	GER	STEGER Bastian	M
109002	ITA	Niagol STOYANOV	M
109064	SEY	SULTAN Godfrey	M
109140	ROU	SZOCS Hunor	M
109272	AUS	Melissa TAPPER	W
109367	ETH	FARIS Aden	M
109453	SRB	TODOROVIC Andrea	W
109459	SLO	TOKIC Bojan	M
109480	VAN	Priscilla Tommy	W
109496	IND	TORGALKAR Omkar Vaman	M
109581	BRA	TSUBOI Gustavo	M
109777	CHI	VEGA Paulina	W
109806	TGA	VI Eseta	W
109946	GER	WALTHER Ricardo	M
109952	NCL	WANEGUI Julie	W
109995	SVK	Yang WANG	M
110190	NZL	WOOD Jacqui	W
110227	USA	WU Yue	W
110267	CHN	XU Xin	M
110286	BRA	Jessica YAMADA	W
110367	UKR	YEFIMOV Viktor	M
110411	JPN	YOSHIDA Masaki	M
110560	CAN	ZHANG Mo	W
110602	UKR	ZHMUDENKO Yaroslav	M
110660	AUT	AL-SAMHOURY Tarek	M
110673	IRI	ALAMIYAN Noshad	M
110674	JOR	ABO YAMAN Zaid	M
110686	IND	DAS Ankita	W
110726	FIN	OLAH Benedek	M
110729	JPN	Koki NIWA	M
110730	JPN	UEDA Jin	M
110744	KSA	ALSHARIF Mohammed	M
110752	JPN	ISHIKAWA Kasumi	W
110768	CYP	YIANGOU Marios	M
110797	TPE	CHENG I-Ching	W
110837	RSA	MAPHANGA Zodwa	W
110879	CGO	MAFUTA-IVOSO Jolie	W
110989	YEM	ALI Omar	M
110995	ITA	VIVARELLI Debora	W
111012	ROU	Bernadette SZOCS	W
111033	JPN	MATSUDAIRA Kenji	M
111050	ESP	Alvaro ROBLES	M
111053	ARG	CODINA Ana	W
111065	GER	Petrissa SOLJA	W
111066	GER	Sabine WINTER	W
111072	ESP	Maria XIAO	W
111113	USA	ZHANG Yahao	M
111115	PAR	Marcelo AGUIRRE	M
111119	PAR	OVELAR Lucero	W
111144	BLR	BARAVOK Katsiaryna	W
111210	USA	WANG  Wei	M
111213	HUN	MADARASZ Dora	W
111216	ITA	MUTTI Leonardo	M
111260	NEP	SHRESTHA Nabita	W
111286	AUS	David POWELL	M
111346	CHI	MORALES Judith	W
111416	SUI	MORET Rachel	W
111498	CRC	MARTINEZ Jeison	M
111512	PUR	GONZALEZ Daniel	M
111514	DOM	GALVEZ Samuel	M
111517	DOM	BRITO Eva	W
111628	SGP	YU Mengyu	W
111641	IND	DESAI Harmeet	M
111656	EGY	MESHREF Dina	W
111683	CHI	GOMEZ Gustavo	M
111790	NGR	AJIBIKE Mojisola Suliat	W
111833	THA	SAWETTABUT Suthasini	W
111849	GER	SHAN Xiaona	W
111871	RUS	VOROBEVA Olga	W
111881	AUT	LIU Yuan	W
111887	EGY	SHOUMAN Mohamed	M
111959	EGY	ASSAR Khalid	M
111960	RSA	LINGEVELDT Kurt	M
111964	RSA	MADLALA Khanyisile	W
112016	SEY	BENSTRONG Anniesa	W
112019	CHN	CHEN Meng	W
112035	IRI	ALAMIAN Nima	M
112062	FRA	GAUZY Simon	M
112073	SWE	BRODD Viktor	M
112074	SWE	FALCK Mattias	M
112075	SWE	SODERLUND Hampus	M
112086	RSA	PATEL Danisha	W
112092	NGR	Quadri ARUNA	M
112121	CUB	Jorge CAMPOS	M
112125	DOM	VILA Isaac	M
112144	VEN	GONZALEZ Roxy	W
112176	BRA	TOMA Danilo	M
112221	USA	Lily ZHANG	W
112249	EGY	EL-DAWLATLY Nadeen	W
112261	UZB	KENJAEV Zokhid	M
112280	LUX	DE NUTTE Sarah	W
112284	ENG	MCBEATH David	M
112302	KGZ	SAGYNDYKOV Talgat	M
112321	KAZ	KHUSSEINOVA Gulchekhra	W
112356	FRA	Stephanie LOEUILLETTE	W
112361	ISR	TAUBER Michael	M
112367	USA	LEVINSKI Mishel	M
112368	KOR	YANG Haeun	W
112409	DEN	GROTH Jonathan	M
112427	USA	MALUSZCZAK Agnieszka	W
112442	ENG	PITCHFORD Liam	M
112446	FRA	HACHARD Antoine	M
112451	CRO	CIPIN Filip	M
112453	CRO	JEGER Mateja	W
112462	PUR	RIOS Daniely	W
112463	PUR	DIAZ Melanie	W
112580	JPN	MORIZONO Masataka	M
112591	FIJ	LI Carolyn	W
112599	TPE	YEH Chih-Wei	M
112619	NCL	PAUL Anais	W
112620	HKG	WONG Chun Ting	M
112633	IRI	SAMET Maryam	W
112639	ZIM	CHAMBOKO Brian	M
112642	GHA	ABREFA Derek	M
112647	UGA	NYAIKA Ronald	M
112735	SVK	WANG Yang	M
112866	BUL	Polina TRIFONOVA	W
112868	MON	YANG Xiaoxin	W
112897	CGO	BOKOCKOU Ira	W
112900	CGO	MOSSEMBA Thomie	W
112944	TUR	ALTINKAYA Sibel	W
112950	BUL	KODJABASHEV Denislav	M
112952	BUL	ALEXANDROV Teodor	M
113136	FIN	OKSANEN Jannika	W
113165	UKR	KOU Lei	M
113197	QAT	MOHAMED Aia	W
113232	SOL	SIFI Connie	W
113235	SOL	NUOPULA Gary	M
113243	CZE	Pavel SIRUCEK	M
113300	TPE	LIU Hsing-Yin	W
113309	MEX	SILVA Yadira	W
113317	BEL	DEVOS Robin	M
113329	HUN	LAKATOS Tamas	M
113336	KOR	KIM Donghyun	M
113350	CZE	MIKULCOVA Kristyna	W
113351	PUR	PIETRI Richard	M
113363	HUN	NAGYVARADI Mercedes	W
113373	JOR	ABUYAMAN Sewar	W
113376	KSA	Ali ALKHADRAWI	M
113392	KOR	BAEK Kwangil	M
113395	SGP	CHEW Zhe Yu Clarence	M
113418	BRA	Caroline KUMAHARA	W
113419	BRA	JOUTI Eric	M
113433	CHI	MOYA Manuel	M
113442	WAL	THOMAS Chloe	W
113450	PAR	TORANZOS Alejandro	M
113472	CIV	OBA Oba Kizito	M
113473	CIV	KOUASSI Ange-Aime	M
113477	NGR	ASHIMIYU Ganiyu	M
113536	ECU	TAPIA Rodrigo	M
113557	GHA	AKAYADE Samuel	M
113559	GHA	LARTEY Felix	M
113563	NGR	Olajide OMOTAYO	M
113565	GHA	KWABI Cynthia	W
113568	GHA	BORQUAYE Bernice	W
113587	WAL	CAREY Charlotte	W
113676	FRA	ANGLES Enzo	M
113679	ALG	BOULOUSSA Mehdi	M
113681	SEN	DIAW Ibrahima	M
113689	FRA	ROBINOT Alexandre	M
113701	NED	EERLAND Britt	W
113711	ROU	CIOBANU Irina	W
113764	PER	LI Julio	M
113782	COL	PERDOMO Maria	W
113878	GUA	ENRIQUEZ Mabelyn	W
113893	EGY	MAGDY Shady	M
113894	EGY	GHALLAB Aly	M
113908	EGY	HELMY Yousra	W
113914	AUT	CHEN Alexander	M
113931	POL	DYJAS Jakub	M
113942	CZE	ADAMKOVA Karin	W
113943	CRO	JAZBEC Ida	W
113944	CRO	RAKOVAC Lea	W
114005	BUL	KRASTEV Petyo	M
114020	FIN	OCONNOR Miikka	M
114024	GRE	KIOUFI Aliki Maria	W
114027	GRE	KONSTANTINOPOULOS Konstantinos	M
114028	GRE	KONSTANTINOPOULOS Giorgos	M
114080	SUI	TRUMMLER Linus	M
114081	SVK	JURKOVA Eva	W
114105	TPE	CHEN Szu-Yu	W
114123	TPE	LEE Chia-Sheng	M
114127	HKG	LI Ching Wan	W
114143	IRI	ROUINTANESFAHANI Mohammadali	M
114158	KOR	YOO Eunchong	W
114167	KEN	MUTURI Kevin	M
114202	ALG	BOURIAH Larbi	M
114247	CAN	WANG Eugene	M
114323	JOR	ALDMAISY Zeyad	M
114327	KUW	ALMKEEMY Abdullah	M
114347	LBN	HARB Ahmad	M
114355	FRA	FLORE Tristan	M
114356	POR	CHEN Diogo	M
114410	SWE	RANEFUR Elias	M
114429	FIN	KIRICHENKO Anna	W
114457	CGO	IDOWU Saheed	M
114460	AUS	Heming HU	M
114516	CZE	TOMANOVA Tamara	W
114517	CZE	TOMANOVSKA Katerina	W
114521	CRO	PETEK Petra	W
114563	NEP	MAHARJAN Elina	W
114614	KOR	CHOI Deokhwa	M
114660	LES	MOTHIBI Khethang	M
114662	MAW	SOMBA Abell	M
114664	PNG	KARIKO Jackson	M
114665	PNG	SEPA Gasika	M
114667	MAW	PENSULO Shyreen	W
114686	VAN	QWEA Stephanie	W
114689	SWE	JONSSON Jennifer	W
114704	NGR	ADEYINKA Hammed	M
114706	TPE	CHENG Hsien-Tzu	W
114709	BEL	LAMBIET Florent	M
114715	GER	Dang QIU	M
114716	HUN	Nandor ECSEKI	M
114717	HUN	Adam SZUDI	M
114718	ENG	Samuel WALKER	M
114719	ROU	SPELBUS Alin	M
114726	GER	Nina MITTELHAM	W
114776	NGR	HUSSAIN Halima	W
114780	CIV	HOUNGUE Lea	W
114784	SLO	PELCAR Tomaz	M
114848	BEL	ALLEGRO Martin	M
114856	FRA	LANDRIEU Andrea	M
114860	HUN	MAJOROS Bence	M
114865	ITA	BACIOCCHI Alessandro	M
114897	HUN	BALINT Bernadett	W
114905	SWE	BERGSTROM Linda	W
114936	KOR	JANG Woojin	M
114947	RUS	KOTCYUR Valeria	W
114960	CZE	REITSPIES David	M
114965	CZE	MYNAROVA Karolina	W
114973	BLR	Aliaksandr KHANIN	M
114976	BLR	SHAMRUK Gleb	M
114999	UZB	KHOLIKOV Elmurod	M
115000	PUR	Brian AFANADOR	M
115009	PUR	Adriana DIAZ	W
115019	SVK	NOVOTA Samuel	M
115029	DEN	LIND Anders	M
115037	HKG	SOO Wai Yam Minnie	W
115039	HUN	IMRE Leila	W
115068	SWE	FRONT Erika	W
115081	GRE	TSEKOURA Dimitra	W
115100	SVK	VALUCH Alexander	M
115104	ALG	KESSACI Katia	W
115118	KSA	SHULAYBI Abdulaziz BU	M
115134	CHI	OLAVE Alfonso	M
115141	PER	CHAVEZ Johan	M
115249	CGO	BIENATIKI Christ	M
115357	GHA	ASANTE Emmanuel	M
115379	NGR	BELLO Fatimo	W
115396	POR	GERALDO Joao	M
115402	ESP	ZHANG Sofia-Xuan	W
115413	ITA	Giorgia PICCOLIN	W
115430	ENG	HO Tin-Tin	W
115439	JPN	MURAMATSU Yuto	M
115449	AUT	LEVENKO Andreas	M
115454	POL	Natalia BAJOR	W
115498	GUY	Chelsea EDGHILL	W
115543	HKG	DOO Hoi Kem	W
115545	HKG	KWAN Man Ho	M
115546	HKG	LAM Siu Hang	M
115548	HKG	LI Hon Ming	M
115559	KOR	PARK Chan-Hyeok	M
115565	THA	KHETKHUAN Tamolwan	W
115621	CHN	YAN Sheng	M
115641	BRA	Hugo CALDERANO	M
115701	MAR	HARB Soufiane	M
115722	LBN	EL HAKIM Rock	M
115754	TUR	KAHRAMAN Mirac	M
115789	TPE	HUANG Hsin	W
115802	BUL	KOSTADINOV David	M
115827	SUI	BERNHARD Denis	M
115828	SUI	WEBER Lionel	M
115850	GRE	TOLIOU Aikaterini	W
115866	THA	TANVIRIYAVECHAKUL Padasak	M
115910	CHN	LIN Gaoyuan	M
115920	IND	Manika BATRA	W
115939	IND	TENNISON Reeth	W
116021	USA	Kanak JHA	M
116152	HKG	LAM Yee Lok	W
116160	TPE	WANG Yi-Ju	W
116213	ESP	VILCHEZ Miguel	M
116364	ARG	MOLERO Candela	W
116424	CHI	LAMADRID Juan	M
116477	NZL	WANG Roger	M
116530	GER	ORT Kilian	M
116532	CRO	PUCAR Tomislav	M
116612	FRA	AKKUZU Can	M
116620	GER	Benedikt DUDA	M
116641	FRA	RUIZ Romain	M
116674	GER	MANTZ Chantal	W
116675	GRE	ANGELAKIS Konstantinos	M
116677	GRE	PARIDI Konstantina	W
116680	CRO	ZELJKO Filip	M
116697	SVK	Samuel KALUZNY	M
116699	NGR	AJULO Gbenga	M
116702	KUW	ALKANDERI Meshal	M
116709	UAE	ALBALOOSHI Abdulla	M
116717	EGY	MAHMOUD Moamen	M
116723	EGY	ABDEL-AZIZ Youssef	M
116733	EGY	YOUSRY Amira	W
116739	BRN	ALYASSI Alyas	M
116742	BRN	RASHED Rashed	M
116748	IRI	NIA Soroosh AMIRI	M
116758	IND	DANI Mudit	M
116763	ESA	ARIAS Emme	W
116779	MEX	SERRANO Monica	W
116798	CZE	POLANSKY Tomas	M
116806	AFG	BAKHTIYARI Mustafa	M
116818	KOR	KIM Minhyeok	M
116820	KOR	PARK Ganghyeon	M
116831	EGY	HELMY Mahmoud	M
116846	SWE	ERIKSSON Anders	M
116853	SWE	KALLBERG Anton	M
116863	DEN	Stefanie CHRISTENSEN	W
116873	FRA	MIGOT Marie	W
116874	FRA	ZARIF Audrey	W
116921	FRA	CHASSELIN Pauline	W
116936	USA	Nikhil KUMAR	M
117002	FRA	SEYFRIED Joe	M
117003	FRA	Alexandre CASSIN	M
117006	ITA	PICCOLIN Jordy	M
117009	BEL	MARCHETTI Nathalie	W
117013	ITA	LE Thi Hong Loan	W
117014	ITA	MOSCONI Veronica	W
117027	NZL	SHU Dean	M
117031	IND	SRIRAM Sushmit	M
117035	IND	ROY Krittwika	W
117099	ECU	GALVEZ Eunice	W
117113	JPN	YOSHIMURA Maharu	M
117140	TUN	AMMOUS Omar	M
117142	ALG	LOGHRAIBI Lynda	W
117150	TUN	Fadwa GARCI	W
117294	CHI	ORTEGA Daniela	W
117298	BRA	ALEXANDRE Bruna	W
117312	BRA	ISHIY Vitor	M
117330	DOM	WU Jiaji	M
117332	MAC	ZHU Yuling	W
117336	JPN	JIN Takuya	M
117340	USA	TAO  Wenzhang	M
117345	CHN	ZHOU Kai	M
117350	IND	GROVER Sudhanshu	M
117357	KOR	LIM Jonghoon	M
117365	IND	MUKHERJEE Sutirtha	W
117368	IND	DAS Priyadarshini	W
117373	TPE	HUANG Yu-Wen	W
117455	BUL	YOVKOVA Maria	W
117463	ROU	Adina DIACONU	W
117499	MAS	HO Ying	W
117530	ARG	SANCHI Francisco	M
117604	CAN	HAZIN Jeremy	M
117613	CAN	WANG  Zexuan	M
117617	USA	Xin ZHOU	M
117758	USA	Huijing WANG	W
117797	AUS	Xin YAN	M
117820	JPN	HIRANO Miu	W
117821	JPN	ITO Mima	W
117822	JPN	KATO Miyu	W
117862	LUX	Eric GLOD	M
117865	MDA	PUTUNTICA Andrei	M
117883	GUY	CUMMINGS Natalie	W
117890	KAZ	GERASSIMENKO Kirill	M
117891	KAZ	LAVROVA Anastassiya	W
117893	KAZ	ZHAMAL Bekulan	M
117894	KAZ	ZHOLUDEV Denis	M
117903	USA	RANASINGHA Imesh	M
117907	THA	JERMPLONG Sataporn	M
117914	THA	TANCHAROEN Sarayut	M
117931	TUR	KULAKCEKEN Simay	W
117937	ANG	ANDRE Elizandro	M
117950	CIV	ALI Kanate	M
117954	NGR	BISOLA Asiaju	W
117977	VAN	MAWA Tracy	W
118009	MEX	VILLA Ricardo	M
118028	GUA	CORDERO Lucia	W
118072	ESP	FRANCO Carlos	M
118087	JOR	ABO-YAMAN Taimmaa	W
118096	LBN	HARB Ahmad Hussein	M
118101	SUD	ELTAYEB Elmutasin	M
118108	UAE	ALBALUSHI Salah	M
118126	ECU	PAREDES Nathaly	W
118507	SWE	Christina KALLBERG	W
118523	AUS	CHAMBERS Dillon	M
118671	DEN	RASMUSSEN Tobias	M
118683	RUS	CHERNYAVSKAYA Ekaterina	W
118685	RUS	SHCHERBATYKH Valeria	W
118694	SVK	Simona HORVATHOVA	W
118702	NGR	FAGBAMILA Akinwale	M
118722	TOG	Kokou Dodji FANNY	M
118762	GER	HAN Ying	W
118774	BEL	DEGRAEF Margo	W
118777	GER	Yuan WAN	W
118786	SGP	LIN Ye	W
118802	JOR	SALAMEH Mohammad	M
118851	SLO	KOZUL Deni	M
118856	BLR	NIKITCHANKA Alina	W
118868	HUN	HARTBRICH Leonie	W
118886	JPN	MATSUYAMA Yuki	M
118888	RUS	TIUTRIUMOV Aleksandr	M
118889	RUS	ISMAILOV Sadi	M
118893	AUT	MISCHEK Karoline	W
118920	ITA	PINTO Daniele	M
118927	SLO	Darko JORGIC	M
118983	MAD	NATIVEL Jonathan	M
118994	KOR	JEON Jihee	W
119020	CAN	CHEN Hongtao	M
119022	USA	WANG Amy	W
119025	RWA	NIYONIZIGIYE Eric	M
119038	AIN	YARASHENKA Vadim	M
119042	IND	GHOSH Anirban	M
119047	FIN	MUSTONEN Aleksi	M
119089	KOR	YOON Hyobin	W
119092	FRA	BERTRAND Irvin	M
119109	ARG	ARGUELLES Camila	W
119261	UKR	SINKEVYCH Bohdan	M
119266	POL	KRZYSIEK Paulina	W
119284	KOR	CHO Seungmin	M
119285	KOR	LEE Zion	W
119316	ARG	Horacio CIFUENTES	M
119371	PNG	LOI David	M
119382	EST	HANSON Reelica	W
119463	USA	Nikhil KUMAR	M
119476	USA	LIU  Yitong	W
119529	CHN	FAN Siqi	W
119532	CHN	YU Ziyang	M
119533	CHN	ZHOU Qihao	M
119535	IND	NAINA Ms.	W
119537	IND	MUKHERJEE Ayhika	W
119542	JPN	MORI Sakura	W
119545	KAZ	ALIMBAYEVA Aiya	W
119546	KAZ	RAITER Erik	M
119565	TPE	LIAO Cheng-Ting	M
119579	MNE	RADOVIC Filip	M
119584	TUR	ULUCAK Batuhan	M
119585	TUR	YIGENLER Abdullah	M
119588	CHN	LIANG Jingkun	M
119625	GUA	ZAPATA Hidalynn	W
119658	ESA	SUAREZ Gabriela	W
119676	KOR	JI Eunchae	W
119694	KOR	SEO Jungwon	M
119730	CHN	HE Zhuojia	W
119746	KOR	KIM Byeolnim	W
119749	TPE	HUANG Yu-Chiao	W
119794	JPN	KIZUKURI Yuto	M
119797	CHN	QIAN Tianyi	W
119813	CHN	ZHANG Yudong	M
119820	SEN	SOW Hamidou	M
119836	ARG	KAIZOJI Camila	W
119850	KOR	KIM Daewoo	M
119873	TPE	SUN Chia-Hung	M
119877	TPE	PENG Wang-Wei	M
119928	NEP	KHANIYA Binesh	M
119945	AUS	DIXON Xavier	M
120020	TUN	HAJ SALAH Abir	W
120026	NGR	OLADIRAN Joshua	M
120051	ENG	TSAPTSINOS Maria	W
120052	ESP	CABALLERO Carlos	M
120074	LUX	MLADENOVIC Luka	M
120108	FRA	GAUTHIER Lucie	W
120112	FRA	MOSTAFAVI Leili	W
120125	SWE	BERGAND Filippa	W
120154	POL	BADOWSKI Marek	M
120157	SLO	CVETKO Tilen	M
120158	SLO	ZELKO Damjan	M
120162	SLO	HRIBAR Peter	M
120167	TUR	GUNDUZ Ziver	M
120168	TUR	GUNDUZ Ibrahim	M
120185	SRB	VIGNJEVIC Dragana	W
120187	SRB	LUPULESKU Izabela	W
120224	ROU	SIPOS Rares	M
120267	CZE	MARTINKO Jiri	M
120281	CZE	KOLDAS Tomas	M
120284	SVK	Tibor SPANIK	M
120285	ITA	ROSSI Carlo	M
120287	ITA	MUTTI Matteo	M
120292	SVK	GRIGELOVA Natalia	W
120294	ITA	MONFARDINI Gaia	W
120300	AUT	SERDAROGLU David	M
120318	SGP	POH Shao Feng Ethan	M
120557	EST	AVAMERI Airi	W
120560	BLR	Nadezhda BOGDANOVA	W
120643	IRI	HOSSEINI Sajad	M
120649	LBN	HARB Bassel	M
120650	LBN	FAHES Ghaleb	M
120674	FIN	NAUMI Alex	M
120689	COK	TARARO Tauvira	M
120696	NZL	AMOR Kelsey	M
120698	NZL	DELA PENA Alfred	M
120715	ANG	NETO Edvane	M
120719	ANG	ALBINO Isabel	W
120725	EGY	ALHODABY Marwa	W
120726	EGY	ALHODABY Mariam	W
120732	ALG	TIFOURA Islam	M
120742	ALG	CHAICHI Abdelbasset	M
120746	ALG	DJEDJIK Loubna	W
120750	ALG	NASRI Malissa	W
120765	LUX	Eric THILLEN	M
120777	BEL	Lisa LUNG	W
120787	CGO	KIASSI Regis	M
120790	CIV	HOUDJI Zinsou	M
120791	RSA	SAPIRE Tevia	M
120795	RSA	SASMAN Jade	W
120845	KOR	KANG Dongsoo	M
120850	JPN	OIKAWA Mizuki	M
120851	JPN	TSUBOI Yuma	M
120857	FRA	BOURRASSAUD Florian	M
120872	ESP	MASIP Joan	M
120885	NGR	OLUYOMI Salako	M
120896	ECU	RIOFRIO Emiliano	M
120899	PAR	GOMEZ Leyla	W
120929	THA	MAUNGWHAN Chayaduj	M
120972	THA	PARANANG Orawan	W
120979	NOR	CARLSEN Rebekka	W
121015	FIJ	WING Philip	M
121017	FIJ	Sally YEE	W
121031	POL	KULCZYCKI Samuel	M
121040	POL	WEGRZYN Anna	W
121041	POL	WEGRZYN Katarzyna	W
121042	ROU	PLETEA Cristian	M
121073	SMR	GIARDI Federico	M
121074	SRB	Sabina SURJAN	W
121097	CAN	LEHMANN Matthew	M
121103	USA	GUAN Angela	W
121106	USA	ACKERMAN Esther	W
121123	DEN	WALLOE Sophie	W
121166	CAN	YEUNG Terence	M
121178	USA	ALGUETTI Gal	M
121179	USA	ALGUETTI Sharon	M
121222	USA	LIANG  Jishan	M
121226	USA	LIU  Dan	M
121249	USA	SUNG Joanna	W
121250	USA	SUNG Rachel	W
121257	USA	WANG  Yutian	M
121278	MEX	ARCE Dario	M
121319	AUS	TOWNSEND Danni-Elle	W
121401	POR	Jieni SHAO	W
121403	CHN	CHEN Xingtong	W
121404	CHN	FAN Zhendong	M
121408	CHN	LIU Dingshuo	M
121411	CHN	WANG Manyu	W
121412	CHN	XUE Fei	M
121416	KAZ	ZAKHAROV Vladislav	M
121420	KSA	ALMUTAIRI Turki	M
121440	CUB	MARTINEZ Livan	M
121445	CUB	LOVET Idalys	W
121474	MAS	LEONG Chee Feng	M
121481	THA	YINGYUENYONG Sarun	M
121514	KOR	AN Jaehyun	M
121523	KOR	SIM Hyunju	W
121546	POR	LI Tiago	M
121558	CHN	WANG Chuqin	M
121565	KOR	HWANG Minha	M
121577	TPE	LI Hsin-Yang	M
121582	TPE	LIN Yun-Ju	M
121588	TPE	YANG Tzu-Yi	M
121591	CHN	LIU Yebo	M
121623	BRA	TAKAHASHI Bruna	W
121684	ENG	JARVIS Tom	M
121687	POR	DOYEN Antoine	M
121688	FRA	GUISNEL Oceane	W
121690	FRA	PICARD Vincent	M
121693	GRE	SGOUROPOULOS Ioannis	M
121706	RUS	Mariia TAILAKOVA	W
121708	SRB	JOKIC Tijana	W
121714	SVK	Tatiana KUKULKOVA	W
121715	SVK	Nikoleta PUCHOVANOVA	W
121722	TUN	BOURASS Aboubaker	M
121724	TUN	KALLEL Iheb	M
121735	LBA	ALAJAEBI Habeb	M
121740	BAR	KNIGHT Tyrese	M
121869	SVK	Jakub ZELINKA	M
121871	SVK	ORAC Daniel	M
121881	BLR	Daria TRIGOLOS	W
121882	CRO	CAKOL Klara	W
121883	CZE	SEVCIKOVA Marketa	W
121884	CZE	PETROVOVA Nikita	W
121890	SVK	LABOSOVA Ema	W
121935	IRI	NOBAKHT Naeim	M
121939	IRI	SHAMS Hamid	M
121940	IRI	SHAMS Navid	M
121953	VEN	VILLANUEVA Nelson	M
121959	IRI	ASHTARI Mahshid	W
121961	IRI	FAREI Maryam	W
121997	LBN	KHOURY Malak	W
122001	BEL	DEVOS Laurens	M
122002	FRA	BARDET Lilian	M
122013	LUX	PONCIN Julie	W
122029	ENG	BOLTON Emily	W
122043	SWE	FRIIS Martin	M
122044	SWE	MOREGARD Truls	M
122046	KOR	KIM Haeun	W
122051	ITA	OYEBODE John	M
122052	KOR	LEE Eunhye	W
122053	TUR	SAHIN Zihni	M
122054	TUR	OZKAYA Gul Pembe	W
122064	AUT	KOLODZIEJCZYK Maciej	M
122066	CZE	HORT Tomas	M
122067	ITA	AMATO Antonino	M
122078	ITA	GIOVANNETTI Tommaso	M
122082	ITA	Jamila LAURENTI	W
122086	ITA	PUPPO Andrea	M
122095	FRA	REMBERT Bastien	M
122122	WAL	EVANS Callum	M
122151	TUN	BEN ATTIA Youssef	M
122153	TUN	OUNAEIS Islam	W
122154	TUN	HICHRI Samar	W
122155	TUN	ABID Youssef	M
122165	JEY	WYKES Jordan	M
122179	OMA	GHASSANI Ghassan AL	M
122193	NGR	ORIBAMISE Esther	W
122195	NGR	ODUSANYA Abosede	W
122225	ARG	BENTANCOR Martin	M
122231	SGP	ZHANG Wanling	W
122242	PER	DUFFOO Moises	M
122246	CGO	LIGNANDZI Michel	M
122261	JPN	SATO Hitomi	W
122276	ESP	RUIZ Francisco Miguel	M
122320	MDA	URSU Vladislav	M
122326	THA	KOLA Nanapat	W
122333	THA	MEKAMPORN Nawin	M
122337	KOR	KIM Yanghyun	M
122348	UKR	BRATEYKO Solomiya	W
122419	CAN	LIAO Ivy	W
122421	CAN	GAUTHIER Sophie	W
122425	CAN	LY Edward	M
122428	ROU	DRAGOMAN Andreea	W
122434	ENG	PAYET Denise	W
122455	POL	ZAKRZEWSKA Agata	W
122460	POR	MARTINS Raquel	W
122482	DOM	ORTIZ Yasiris	W
122503	GUY	BRITTON Shemar	M
122538	DOM	CASTRO Esmerlyn	W
122546	SGP	TAN Lucas	M
122585	USA	ZHANG Kai	M
122586	USA	ZHANG Xiangjing	M
122604	PER	DUFFOO Isabel	W
122607	PER	HIDALGO Rodrigo	M
122610	PER	DUFFOO Felipe	M
122643	IRL	GILLEN Alexander	M
122647	ROU	CHIRITA Cristian	M
122650	SLO	VOVK Aleksandra	W
122660	NGR	OJOMU Ajoke	W
122677	BLR	TSIAROKHIN Andrei	M
122679	BLR	RUKLIATSOU Uladzislau	M
122684	COK	THOMPSON Juiel	W
122688	ECU	ESPINOZA John	M
122713	CMR	JAGUE Alain Patrick	M
122716	TPE	SU Pei-Ling	W
122718	IND	AKULA Sreeja	W
122727	TPE	FENG Yi-Hsin	M
122777	JPN	Yukiya UDA	M
122779	NCL	LA Lorie	W
122786	BRA	PRATES Jessica	W
122798	JOR	ALHOURANI Hasan	M
122800	JOR	KHADER Khaled	M
122814	PNG	LOI Geoffrey	M
122842	SLO	TOFANT Ana	W
122862	GUA	CARRILLO Sergio	M
122964	CUB	RODRIGUEZ Lizdainet	W
122982	CRO	BAN Ivor	M
122988	CRO	PAVLOVIC Andrea	W
123017	HUN	BOTH Oliver	M
123018	HUN	JUHASZ Patrik	M
123019	HUN	ANDRAS Csaba	M
123028	BRA	TURRINI Rafael	M
123031	BRA	TEODORO Guilherme	M
123056	KOR	LEE Seunghwan	M
123071	MGL	BATBAYAR Doljinzuu	W
123090	GUY	ALLEYNE Joel	M
123112	CHN	ZHANG Rui	W
123113	KOR	KIM Hayeong	W
123114	CHN	GUO Yuhan	W
123120	CHN	SHI Xunyao	W
123121	NGR	ABDULLAHI Abdulrahaman	M
123128	NGR	AKANBI Rilwan	M
123129	NGR	AKINYINKA Kehinde	W
123143	GHA	COMMEY Emmanuel	M
123148	NGR	FALANA Tobi	X
123149	NGR	FASHOLA Aminat	W
123151	NGR	FAYELE David	M
123163	CMR	NDIKUM ASAAH Prosper	M
123166	NGR	OLADIPUPO Olayinka	M
123168	NGR	OLORUNTADE Adeola	M
123172	NGR	OYETAYO Sola	M
123175	NGR	SOLANKE Azeez	M
123189	FRA	FORT Nolwenn	W
123192	SRB	Dimitrije LEVAJAC	M
123198	GRE	TERPOU Elisavet	W
123204	SRB	GACEV Aleksa	M
123215	IND	AMRUTE Shruti Vijay	W
123221	IND	PANDE Siddhesh	M
123225	HUN	KRAMARICS Gergo	M
123228	KAZ	AKASHEVA Zauresh	W
123230	KAZ	KENZHIGULOV Dastan	M
123233	QAT	ABDULLA Shouq	W
123241	SVK	SINKAROVA Dasa	W
123282	RUS	KATSMAN Lev	M
123293	GER	MENG Fanbo	M
123300	FRA	ROLLAND Jules	M
123305	FRA	DE NODREST Leo	M
123373	ENG	AKINDIYA Ismaila	M
123385	IND	BHANJA Ronit	M
123386	IND	CHANDRA Jeet	M
123390	LBN	BAYROUTI Mohammad	M
123391	LBN	CHBIB Hassan	M
123421	POR	BESSA David	M
123456	NED	HOOP Sanne DE	W
123467	COL	ECHEVERRY Manuela	W
123472	IRI	KARAMI Melika	W
123478	IRI	AHMADIAN Amin	M
123486	IRI	ASGHARI Helia	W
123505	HKG	ZHU Chengzhu	W
123514	GRE	STAMATOUROS Georgios	M
123519	ROU	PLAIAN Tania	W
123534	CZE	MARTINKO Tomas	M
123535	CZE	BLASKOVA Zdena	W
123550	FRA	LUTZ Camille	W
123560	BEL	KOSOLOSKY Olav	M
123568	SWE	THIMON Jonathan	M
123575	SGP	WONG Xin Ru	W
123578	SGP	BEH Kun Ting	M
123579	SGP	GOI Rui Xuan	W
123580	SGP	KOH Kai Xin Pearlyn	W
123638	TUR	KAHRAMAN Betul Nur	W
123639	TUR	OZTURK Merve Nur	W
123649	ITA	RONCALLO Valentina	W
123659	BEL	RASSENFOSSE Adrien	M
123664	CZE	VALENTA Jan	M
123666	SLO	STRAZAR Katarina	W
123667	SLO	PAULIN Lea	W
123672	JPN	HAYATA Hina	W
123678	IND	DO ROSARIO Wesley	M
123680	IND	SURAVAJJULA Snehit	M
123682	IND	THAKKAR Manav Vikash	M
123684	IND	KAMATH Archana Girish	W
123690	HKG	HO Kwan Kit	M
123707	BOT	REBATENNE Tshepiso	W
123720	VIE	NGUYEN Anh Tu	M
123735	CAN	XU Joyce	W
123766	WAL	STACEY Joshua	M
123767	ARG	ALTO Luciano	M
123784	DJI	DJAMAL Ahmed	M
123787	ANG	SOUSA Kailane	W
123790	RSA	ABRAHAMS Byrone	M
123791	RSA	MOOKREY Simeen	W
123814	BAR	MAXWELL Ramon	M
123820	BAR	KING Kenady	W
123829	ESP	LILLO Alberto	M
123838	KEN	JUMA Doreen	W
123845	JPN	WATANABE Yusuke	M
123847	JPN	ANDO Minami	W
123848	JPN	SHIBATA Saki	W
123862	CRC	GRANADOS Nicole	W
123864	PHI	NAYRE Jann Mari	M
123894	THA	SAWETTABUT Jinnipa	W
123931	RUS	GREBNEV Maksim	M
123935	FIJ	ZHANG Bei Yan	M
123938	FIJ	YEE Grace Rosi	W
123962	JPN	YOSHIMURA Kazuhiro	M
123971	KOR	CHO Daeseong	M
123972	KOR	CHOI Haeeun	W
123976	KOR	PARK Gyeongtae	M
123977	KOR	SHIN Yubin	W
123980	JPN	Tomokazu HARIMOTO	M
123982	LUX	BARBOSA Ariel	W
124027	CUB	GOMEZ ROJAS Eday	M
124028	USA	MENA SIGLER Brian	M
124041	CUB	PEREZ GONZALEZ Karla	W
124042	CUB	Daniela FONSECA	W
124049	CUB	AGUIAR LA O Rosalba	W
124059	KEN	MUTURI Peter	M
124063	RWA	ISHIMWE Francois	M
124064	TOG	ALASSANI Soudes	M
124065	ZAM	HAMALAMBO Choolwe	M
124073	UGA	SEERA Florence	W
124110	CHN	WANG Yidi	W
124121	GEO	NIKOIANI Ana	W
124132	ISL	ULFARSSON Magnus	M
124140	MNE	RADULOVIC Filip	M
124143	SCO	MORRISON Calum	M
124145	TUR	SEKER Alican	M
124147	UKR	LIMONOV Anton	M
124156	TPE	CHEN Ying-Chen	W
124162	TPE	LI Yu-Jhun	W
124165	TPE	CHIEN Tung-Chuan	W
124192	GER	FADEEV Kirill	M
124245	KEN	OTIENO Michael Owuor	M
124254	GUY	BLAKE Jody-Ann	W
124260	MGL	MYANDAL Temuulen	M
124284	USA	TAN Angie	W
124288	USA	LI  Rui Ni	W
124308	USA	TAN Emily	W
124309	USA	SUN  Xizi	W
124363	USA	KE Tiffany	W
124378	USA	GODHWANI Aditya	M
124403	NCA	ALVAREZ SANCHEZ Mario	M
124411	MEX	GASTELUM Pablo	M
124421	ECU	PLAZA Mylena	W
124426	VEN	OBANDO Camila	W
124430	EST	STROGOV Stanislav	M
124506	CHI	RIOS Valentina	W
124527	BRA	ISHIDA Carlos	M
124566	POR	GOMES Goncalo	M
124572	TPE	HUANG Yan-Cheng	M
124576	RUS	Vladimir SIDORENKO	M
124578	AUT	PROMBERGER Jonas	M
124584	TPE	HUANG Yu-Jie	W
124591	JPN	NAGASAKI Miyu	W
124639	TUR	YILMAZ Tugay	M
125492	CAN	TONG May Hui	W
131036	JPN	KIHARA Miyuu	W
131040	TUN	STA Khalil	M
131062	SVK	KLAJBER Adam	M
131068	GER	BONDAREVA Anastasia	W
131086	GER	SCHREINER Franziska	W
131095	CZE	STEPANOVA Gabriela	W
131100	FRA	PAVADE Prithika	W
131126	SRB	TEPIC Pero	M
131127	SRB	TOMINJAK Radmila	W
131128	POL	GRELA Artur	M
131132	AUS	WU Jiamuwa	W
131140	RUS	OKHOTNIKOVA Ekaterina	W
131141	MAD	RAHARIMANANA  Hanitra	W
131148	CHN	XU Yingbin	M
131150	KAZ	KENZHIGULOV Aidos	M
131156	QAT	ABDULWAHHAB Mohammed	M
131163	CHN	SUN Yingsha	W
131169	GER	HIPPLER Tobias	M
131171	IND	SELVAKUMAR Selena	W
131176	DEN	ANDERSEN Martin Buch	M
131182	EST	JAGNENKOVA Alina	W
131193	EST	VUHKA Maksim	M
131196	FIN	PIHKALA Arttu	M
131211	NOR	HAUG Borgar	M
131217	NOR	VETVIK Finn	M
131227	RUS	ITKINA Anastasiia	W
131228	RTT	MALININA Natalia	W
131231	RUS	ABRAAMIAN Elizabet	W
131248	LTU	RILISKYTE Emilija	W
131249	LTU	RILISKYTE Kornelija	W
131335	EGY	GODA Hana	W
131342	SGP	ZENG Jian	W
131371	RUS	SHADRINA Daria	W
131375	JPN	Yuta TANAKA	M
131376	BEL	DEGROS Nicolas	M
131383	NED	MEN Shuohan	W
131395	IND	CHITALE Diya Parag	W
131401	KOR	CHOI Hyojoo	W
131406	DEN	CHRISTENSEN Thor	M
131408	UAE	SARHAN Zubair	M
131412	KOR	KIM Woojin	M
131413	KOR	WOO Hyeonggyu	M
131429	BLR	KISEL Darya	W
131434	NOR	FRANSSON Alexander	M
131439	QAT	ALI Maha	W
131446	PUR	NARANJO Angel	M
131454	SWE	HANSSON Matilda	W
131455	SWE	BAASAN Nomin	W
131460	SWE	EDVINSSON Jennie	W
131461	SWE	ROOSE Alma	W
131464	SWE	HOLGERSSON Hannah	W
131465	SWE	MUSKANTOR Rebecca	W
131466	SWE	LINDSO Daniel	M
131472	CMR	ENJEMA IKOME Beatrice	W
131473	CMR	NTUMNYUY Harriet	W
131478	RSA	NATHOO Chetan	M
131480	WAL	HURSEY Anna	W
131484	IRI	HODAEI Amir Hossein	M
131558	IRI	HAJILOU Parinaz	W
131559	IRI	SAFAEI Shima	W
131572	CZE	ZADEROVA Linda	W
131581	ITA	ARLIA Nicole	W
131586	ITA	CARNOVALE Miriam	W
131587	SLO	OPEKA Lara	W
131589	ISR	ISRAELI Tal	M
131618	MEX	BARCENAS Clio	W
131671	POL	KUBIK Maciej	M
131673	SUI	OSIRO Pedro	M
131676	SUI	GIROD Dorian	M
131683	ITA	CAPPUCCIO Marco	M
131690	BUL	SARIEV Stoyan	M
131694	CZE	ONDERKA Frantisek	M
131723	ESP	VILARDELL Albert	M
131724	ESP	PONS Arnau	M
131728	BEN	AKADIRI Ziadath	W
131741	TUN	ZOGHLAMI Maram	W
131743	ENG	SIRAJ Shayan	M
131744	ENG	BARDSLEY Charlotte	W
131748	LUX	SCHOLZ Vivien	W
131756	BEL	LAFFINEUR Louis	M
131765	NED	HELLE Tanja	W
131779	ESP	GUTIERREZ Marc	M
131782	ESP	NUNEZ Miguel	M
131784	FRA	CAVAILLE Jules	M
131788	ALG	LAZAZI Azzeddine	M
131790	ALG	TAGUERCIFI Houda Nourhane	W
131791	ALG	FEREDJ Hiba	W
131795	LBA	ALZAREBI Ramadan	M
131798	AUS	LUU Finn	M
131813	MRI	SK. HOSSEIN Zayyan	M
131816	MRI	DESSCANN Sandhana	W
131818	MRI	JALIM Nandeshwaree	W
131834	MRI	KINOO Ruqayyah	W
131839	LBA	ELRAMALLI Hussein	M
131845	SUI	REBETEZ Yoan	M
131846	FRA	COK Isa	W
131852	CHI	MARTINEZ Andres	M
131876	THA	PINYOPISAN Phantita	W
131879	IND	SHAH Manush Utpalbhai	M
131892	THA	THANMATHIKOM Napat	M
131899	RSA	PETERS Cade	M
131906	MAD	RAKOTOARISOA Setra	M
131909	CIV	HOUNGUE Rebecca	W
131912	SGP	PANG Yew En Koen	M
131914	IND	SAINI Suhana	W
131917	IND	JAIN Payas	M
131924	KOR	CHO Kijeong	M
131932	MAS	CHOONG Javen	M
131962	SGP	WONG Andy	M
131965	SGP	ZHOU Jingyi	W
131966	SGP	TAN Zhao Yun	W
131983	HKG	NG Pak Nam	M
131996	ROU	TOMA Darius	M
131997	BLR	KUNATS Heorhi	M
132022	GER	STUMPER Kay	M
132023	EGY	FATHY Hend	W
132026	NGR	OMEH Amadi	M
132028	EGY	BADAWY Farida	W
132059	EGY	AMRO Roa	W
132081	KSA	ALSHAREIF Khalid	M
132083	PUR	DIAZ Fabiola	W
132096	JPN	KIMURA Kasumi	W
132104	ARG	ORENCEL Alexis	M
132120	PAK	AHMAD Afzaal	M
132122	PAK	ZAHOOR Faizan	M
132124	MGL	MUNKHBAT Undram	W
132126	MGL	Bolorerdene BATMUNKH	W
132132	CHN	CHEN Yi	W
132137	CHN	CAO Wei	M
132144	SGP	SER Lin Qian	W
132147	SGP	LIM Dao Yi	M
132171	KOR	CHOI Inhyeok	M
132172	KOR	JANG Seongil	M
132196	SMR	MONGIUSTI Mattias	M
132203	BUL	HRISTOVA Kalina	W
132216	POR	SANTOS Patricia	W
132221	SRB	BOGNAR Bence	M
132223	SUI	MOULLET Barish	M
132229	WAL	RICHARDS Beth	W
132231	HKG	CHAU Wing Sze	W
132232	ENG	POON Yat	W
132283	WAL	KELLY Danielle	W
132310	HKG	CHOY Chun Kit	M
132312	HKG	PAU Yik Man	M
132318	HKG	NG Wing Lam	W
132320	HKG	LEE Hoi Man Karen	W
132325	HKG	YIU Kwan To	M
132350	JOR	KASWAL Hamadeh	M
132351	JOR	ALDMAISY Raed	M
132389	AUS	LEE  Yonghun	M
132445	KEN	YONA  Jensen	M
132462	OMA	AL BALUSHI Muhannad	M
132554	USA	LI  Jian	M
132565	USA	ZHOU Jayden	M
132571	USA	YU  Di	M
132603	PLE	SANAOUBAR Mazen	M
132616	USA	TIAN  Ye	M
132632	JPN	AIDA Satoshi	M
132641	USA	WANG  Ying	W
132658	PER	FERNANDEZ Carlos	M
132696	KOR	KWAK Yu Bin	M
132701	KOR	RYU Hanna	W
132702	KOR	LEE Daeun	W
132712	KOR	KIM Yealin	W
132715	KOR	YOO Siwoo	W
132724	MAS	CHANG Li Sian Alice	W
132756	CRO	ARAPOVIC Hana	W
132760	IND	SIVASANKAR Yashini	W
132775	GER	RINDERER Daniel	M
132780	GRE	PAPADIMITRIOU Malamatenia	W
132781	KAZ	SAPAROVA Alsu	W
132786	IND	JEHO Himnakulhpuingheta	M
132793	ARG	LORENZO Santiago	M
132800	JPN	SUGASAWA Yukari	W
132804	KOR	JANG Hanjae	M
132808	HUN	FEJOS Anna	W
132809	SRB	BEZEG Reka	W
132820	TPE	LI Hsin-Yu	M
132824	TPE	KAO Cheng-Jui	M
132829	MDV	NAZIM Aishath	W
132870	UZB	TYAN Stanislav	M
132875	UZB	KHALIKOVA Kamila	W
132881	PRK	Jong Sik Ri	X
132886	PRK	Song Gyong Pyon	W
132889	MAS	FONG Jay Shern	M
132892	MAS	LYNE Karen	W
132899	UZB	SULTONOV Islombek	M
132900	UZB	KHADJIEVA Rozalina	W
132906	IND	LAMBA Shivjit	M
132907	IND	SEN Prapti	W
132908	IND	MITRA Abhimanyu	M
132909	IND	KUTUMBALE Anusha	W
132915	NEP	Santoo Shrestha	M
132918	OMA	ALRAISI Asad	M
132953	KEN	WANDERA Josiah	M
132975	IND	CHIPIA Frenaz	W
132978	GER	KLEE Sophia	W
132983	SVK	DELINCAK Filip	M
132986	GER	HOERMANN Hannes	M
132987	SVK	ILLASOVA Adriana	W
132992	FRA	LEBRUN Alexis	M
132994	CZE	SKALA Radek	M
132995	CZE	BELIK Simon	M
133000	JPN	HASHIMOTO Honoka	W
133004	HUN	DARI Helga	W
133013	HUN	HUZSVAR Erik	M
133020	SUI	TSCHANZ Cedric	M
133021	ENG	PATTERSON Mollie	W
133026	TUR	YILMAZ Ozge	W
133033	ESP	AYUSO Angel	M
133035	ESP	CRISTOBAL Ainhoa	W
133042	ESP	DE LAS HERAS Rafael	M
133047	POR	SALGADO Ines	W
133051	USA	SI Zhigao	M
133074	KAZ	BAKHYT Anel	W
133113	KAZ	MIRKADIROVA Sarvinoz	W
133123	AUT	RADZIONAVA  Anastasiya	W
133124	KAZ	ROMANOVSKAYA Angelina	W
133134	KAZ	SMIRNOVA Alexandra	W
133150	BLR	VASILENKA Darya	W
133155	BLR	VOLKAVA Vera	W
133159	KAZ	AKIMALI Bakdaulet	M
133163	BLR	BELAKON Viachaslau	M
133178	KAZ	GERASSIMENKO Timofey	M
133189	KAZ	KIM  Temirlan	M
133206	RUS	MAKAROV Vladislav	M
133265	CGO	GAMAGO Beria Francelle	W
133267	DEN	NIELSEN Thea	W
133274	LAT	KOGANS Daniels	M
133287	EST	PUKK Oskar	M
133289	EST	PUKK Markkos	M
133304	AUT	CHEN Sofia Lu	W
133314	QAT	ALI Maryam	W
133321	CZE	BAKO Radim	M
133328	ITA	BARANI Arianna	W
133334	NED	LIEROP Karlijn VAN	W
133335	NED	ERNST Emine	W
133337	NED	OOST Kas VAN	M
133340	TUR	HARAC Ece	W
133341	SUI	HARDMEIER Elias	M
133342	FRA	DORCESCU Denis	M
133347	KOR	KIM Taehyun	M
133352	SUI	BOCCARD Sam	M
133361	LBN	AZAR Laetitia	W
133367	MAD	RAKOTOARIMANANA Fabio	M
133369	WAL	WHITTON Lara	W
133377	WAL	EVANS Louie	M
133379	TUN	SABHI Myshaal	M
133395	SWE	BJORKRYD David	M
133396	SWE	TVEIT Leah	W
133398	ENG	PRICE Louis	M
133399	NOR	SORHEIM Sigurd	M
133403	KGZ	OMURALIEVA Altynai	W
133405	JPN	ODO Satsuki	W
133406	NOR	SKATTET Rikke	W
133415	ITA	VALLINO Federico	M
133422	ENG	WONG Jasmin	W
133423	SLO	KADIS Nusa	W
133426	SLO	TOKIC Sara	W
133427	SLO	PODOBNIK Miha	M
133437	CRO	VEKIC Leo	M
133439	CRO	PETEK Borna	M
133441	CHI	BURGOS Nicolas	M
133455	GER	MEISSNER Cedric	M
133459	JOR	AL-WEDIAN Bara	W
133463	ALG	TAHMI Hadjer	W
133464	ALG	KESSACI Amina	W
133469	KSA	ALSUWAILEM Salem	M
133475	EGY	YEHIA Alaa	W
133478	BRA	TAKAHASHI Giulia	W
133479	CHI	PEDRAZA Matias	M
133499	ALG	AZZALA Abderrahmane	M
133522	AUS	KAUR Parleen	W
133528	CHN	WANG Tianyi	W
133529	CHN	HAN Feier	W
133533	ALG	MERZOUG Cheima	W
133542	ALG	BELABBAS Meziane	M
133554	FIJ	CHAUHAN Jai	M
133557	SLO	ZIGON Ziga	M
133592	IND	NATH Kaushani	W
133593	IND	GHOSH Swastika	W
133596	BEL	MASSART Alessi	M
133606	SGP	CHENG Janissa	W
133613	PYF	CARNET Bydhir	M
133627	ESP	PANTOJA Miguel	M
133628	ESP	LILLO Diego	M
133629	ESP	LOPEZ Maria	W
133633	ESP	BERZOSA Daniel	M
133646	RSA	NOMDO Jesse	W
133647	RSA	KALAM Musfiquh	W
133650	RSA	PEKEUR Keanin	M
133652	FRA	DORR Esteban	M
133659	POR	MATOS Ines	W
133663	THA	NUCHCHART Sitisak	M
133668	THA	AUEAWIRIYAYOTHIN Wanwisa	W
133676	MAR	KARAM Salim	M
133692	JPN	I Ayano	W
133693	GAB	BRINGAUD Andy	M
133694	JPN	TOGAMI Shunsuke	M
133707	KOR	BYUN Seoyoung	W
133709	KOR	KIM Taerim	W
133713	SGP	QUEK Yong Izaac	M
133717	KOR	BAEK Hogyun	M
133722	NGR	JIMOH Rofiat	W
133723	NGR	AIYELBEGAN Sukurat	W
133732	NGR	AUGUSTINE Emmanuel	M
133734	NGR	AYANWALE Jamiu	M
133736	NGR	MATI Taiwo	M
133740	NGR	OYENIYI Kehinde	W
133742	NGR	BELLO Ahmed	M
133746	NGR	ETIM Orok	M
133758	POL	BRZYSKA Anna	W
133769	POL	LIS Martyna	W
133776	COL	MONTES Santiago	M
133813	KOR	PARK Gyuhyeon	M
133814	KOR	KIM Nayeong	W
133823	GRL	NIELSEN Ivik	M
133827	TPE	LIN Yen-Chun	M
133837	TPE	WANG Chen-You	M
133840	TPE	CAI Fong-En	W
133848	CHN	YUAN Licen	M
133850	SGP	CHUA Josh Shao Han	M
133853	SGP	KOH Dominic Song Jun	M
133867	HKG	CHAN Baldwin Ho Wah	M
133887	HKG	CHAN Shiu Lam Chelsea	W
133889	GUY	WONG Miguel	M
133893	CHN	XU Haidong	M
133894	CHN	LIU Weishan	W
133899	CHN	SONG Zhuoheng	M
133901	CHN	ZHANG Xiangyu	W
133933	JOR	SHALTOUNI Kareem	M
133945	UKR	DYMYTRENKO Anastasiya	W
133953	UKR	GREBENIUK Andrii	M
133999	KOS	KARABAXHAK Fatih	M
134000	KOS	MAHMUTI Kreshnik	M
134001	KOS	MEHMETI Alma	W
134011	ROU	ZAHARIA Elena	W
134012	ROU	MITROFAN Luciana	W
134022	TPE	HUANG Yu-Jen	M
134049	LBN	EL HABECH Mariam	W
134067	ESA	MACHADO Cristina	W
134080	LBN	AZAR Talia	W
134085	MAS	TEE Ai Xin	W
134088	LBN	ARIDA Christy	W
134097	CRC	ARAYA Daniel	M
134108	TUN	RIAHI Molka	W
134115	BUL	HASANOVA Dalma	W
134121	IND	NARANG Lakshita	W
134130	BLR	TSYHANOUSKI Mikhail	M
134140	CZE	KLEMPEREROVA Anna	W
134158	SLO	GODEC Aljaz	M
134167	TUN	AMEUR Habib	M
134169	ROU	CHIRITA Iulian	M
134170	BUL	BEKIR Eren	M
134176	SLO	NOVAK Tjasa	W
134186	IND	MALIK Yashansh	M
134200	ISL	RODRIGUEZ Ingi Darvis	M
134211	QAT	ALYAFEI Khalid	M
134214	ALG	NOUARI Widad	W
134227	SRB	DILAS Nemanja	M
134239	CHN	NIU Guankai	M
134240	CHN	XIE Congfan	M
134246	MLT	ABBASI Amirreza	M
134256	IRI	VAFAEI Mohammad Pouya	M
134268	IRI	TAHER Mohammad MOUSAVI	M
134295	IRI	RAHIMI Elina	W
134316	JPN	SONE Kakeru	M
134317	JPN	YOKOTANI Jo	M
134318	NOR	TOFTAKER Martine	W
134322	SVK	UHERIK Kristian	M
134323	SVK	CINCUROVA Ema	W
134329	ALG	MOBAREK Lucie	W
134330	SVK	WILTSCHKOVA Dominika	W
134331	GER	PRANJKOVIC Naomi	W
134338	CZE	VASENDOVA Jana	W
134339	CZE	HRABICOVA Klara	W
134340	CZE	STALZER Adam	M
134345	CRO	COSIC Dora	W
134356	MEX	COSSIO ACEVES Arantxa	W
134362	HUN	KREBS Levente	M
134364	HUN	BALOGH Bence	M
134369	ROU	SINGEORZAN Ioana	W
134380	CHN	ZHAO Zihao	M
134395	MLT	WETZEL Felix	M
134398	KAZ	KHARKI Iskender	M
134418	COL	GUETE Daniel	M
134420	COL	LOZADA Juliana	W
134442	JPN	SHINOZUKA Hiroto	M
134444	NED	JORGUSESKA Dobrila	W
134467	USA	SHU Linda	W
134471	ECU	ARELLANO Angelica	W
134483	USA	QUAN Emily	W
134486	USA	SHETH Ved	M
134489	USA	MOYLAND Sally	W
134509	USA	WEI  Dianren	M
134528	CAN	NIE  Jiayi	W
134548	USA	LI  Yue	W
134556	NED	CAMARA Gabrielius	M
134557	NED	BOER Milo DE	M
134567	AUT	KASES Andre Pierre	M
134568	CZE	SOMMEROVA Helena	W
134571	ROU	ROSCA Mihai	M
134573	CZE	KVETON Ondrej	M
134575	IRL	EARLEY Sophie	W
134579	CZE	LEBEDA Matyas	M
134583	JPN	HAMADA Kazuki	M
134590	FRA	DESCHAMPS Hugo	M
134604	SWE	CARLSSON Charlie	M
134606	SWE	ALFREDSSON Isak	M
134612	SWE	HEDBOM Max	M
134613	NOR	FROSETH Martin	M
134616	SUI	SCHARRER Mauro	M
134619	RUS	VINOGRADOV Roman	M
134625	ESP	PEREZ Juan	M
134627	ESP	GAINZA Alvaro	M
134643	UZB	MADALIEVA Sugdiyona	W
134645	LUX	NI Xiaojing	W
134656	ESP	RIERA Jana	W
134665	HKG	ZHANG  Wenjing	W
134674	LUX	BJURSTROM  Jacob	M
134676	CAN	JI Max	M
134690	SRB	GRUJIC Nikola	M
134693	ROU	MOVILEANU Darius	M
134714	ITA	ALLEGRANZA Giacomo	M
134718	FRA	PORET Thibault	M
134720	PAR	BERTOLO Axel	M
134735	BRA	CARMO Kenzo	M
134754	AUS	OH Sue Bin	W
134755	BRA	SHIM Joon	M
134769	GUA	CUX Jenny	W
134774	MEX	NEUMANN Layan	M
134776	MEX	ACEVES Marbella	W
134782	CRC	DIAZ Sharon	W
134790	JPN	SASAO Asuka	W
134797	EGY	WAEL Yassin	M
134798	IND	SOMAIYA Chinmaya	M
134800	AUS	LUM Nicholas	M
134802	AUS	BAE Won	M
134803	AUS	BAE Hwan	M
134805	AUS	LIN Xuqi	M
134807	NZL	ZHANG Ray	M
134814	NED	BERBEN Barry	M
134816	OMA	AL-MANDHARI Haitham	M
134817	BEL	CLOSSET Tom	M
134834	THA	TAYAPITAK Wirakarn	W
134836	THA	PANKHAOYOY Supamas	W
134837	THA	DIKAENG Natsima	W
134848	RUS	SHEVNIN Semen	M
134849	MEX	CASTRO Rogelio	M
134856	ITA	SANCHI Tomas	M
134867	IND	ROHILLA Anjali	W
134868	IND	SRIVASTAVA Divyansh	M
134874	IND	CHAKRABORTI Prithoki	W
134877	IND	PARMAR Dhairya	M
134887	IND	MANI Nithya	W
134888	IND	BAISYA Poymantee	W
134893	BRA	PRADELLA Thiago	M
134900	NEP	KAPALI Sanyog	M
134903	NZL	ZHOU Jiayi	W
134904	NZL	HENDERSON Maxwell	M
134906	NZL	WEBB Abbey	W
134910	MDV	SHAFFAN Mohamed	M
134922	ECU	CABRERA Maria	W
134928	PER	MALDONADO Maria	W
134933	FIJ	TITANA Touea	W
134934	IND	SURESH RAJ Preyesh	M
134940	IND	DUTT Arush	M
134950	MAS	NG Wann Sing Danny	M
134953	ALG	SIDDEKI Narimene-Hind	W
134958	LBA	AMHIMMID Zaynab	W
134959	CGO	KANGA Dryche EKOYA	M
134972	AUS	BUDDHADASA  Hasali Sanaya	W
134973	USA	SILVA Senura	M
134974	MDV	ALI Fathimath Dheema	W
134978	UKR	YEVTODII Iolanta	W
134981	MAR	OUTOLLA Ines	W
134982	ESP	COLL Silvia	W
134991	ETH	KINFU Feven Tamiru	W
134994	ROU	BUJOR Dragos Alexandru	M
135019	POL	REDZIMSKI Milosz	M
135022	POL	MICHALAK Aleksandra	W
135023	ROU	IONESCU Eduard	M
135039	POL	WIELGOS Zuzanna	W
135041	ESA	ORANTES Diego	M
135045	ARG	SATO Lautaro	M
135049	CHN	KUAI Man	W
135050	CHN	CHEN Yuanyu	M
135066	CHI	VOS Eusebio	M
135073	KOR	KWON Hyuk	M
135074	KOR	LEE Jungmok	M
135076	KOR	KIM Dahee	X
135077	KAZ	ARTUKMETOV Irisbek	M
135086	AUS	FENG Chunyi	W
135091	TPE	CHENG Pu-Syuan	W
135106	THA	THANMATHIKOM Tanapat	M
135118	BAR	RILEY Tre	M
135179	JPN	OJIO Haruna	W
135187	HKG	KONG Tsz Lam	W
135190	HKG	WONG Hoi Tung	W
135207	LTU	ABARAVICIUTE Laura	W
135265	FIN	TITIEVSKAJA Aleksandra	W
135288	NGR	AJAYI Bukola	W
135290	GHA	FREMA Cecilia	W
135292	IND	SARKAR Takeme	W
135294	CMR	GUIMFACK Saurelle	W
135305	PUR	TORRES Jabdiel	M
135306	PUR	BURGOS Brianna	W
135310	SYR	Hend ZAZA	W
135353	COL	CASAS Marta	W
135358	PER	ZAPATA Jose	M
135362	MEX	GOMEZ Juan Jesus	M
135366	CZE	OTAHAL Borek	M
135367	KOR	OH Junsung	M
135370	KOR	KIM Seongjin	W
135371	KOR	KIM Munsu	M
135373	KOR	KIM Seoyun	W
135381	SLO	HARKAI Blazka	W
135383	QAT	ALNASER Rawad	M
135384	QAT	KORANI Ahmed	M
135385	QAT	ALY Yousof	M
135386	QAT	AL-KUWARI Sultan	M
135387	MIX	DILLON  Adrian	M
135391	KOR	LEE Daeun	W
135393	ROU	URSUT Horia Stefan	M
135394	ROU	ISTRATE Andrei Teodor	M
135401	CRO	ZLATKOV Luka	M
135404	BUL	EFTIMOV Georgi	M
135424	OMA	BALUSHI Nasser Saif Nas AL	M
135478	CZE	KAUCKY Jakub	M
135493	GER	KAUFMANN Annett	W
135494	GER	ULLMANN Lleyton	M
135495	GER	RAU Sarah	W
135498	GER	GRIESEL Mia	W
135499	GER	STORTZ Jele	W
135500	ALG	JELLOULI Milhane	M
135501	FRA	LUTZ Charlotte	W
135504	IND	GOEL Radhapriya	W
135511	IND	VARTIKAR Pritha Priya	W
135514	IND	GOGOI Trisha	W
135516	IND	GOEL Shubh	M
135529	SVK	PALUSEK Samuel	M
135571	SGP	LAI Chloe	W
135572	LTU	SISANOVAS Ignas	M
135575	CZE	MORAVEK Radim	M
135623	UZB	ANORBOEV Abdulaziz	M
135625	JPN	TANIGAKI Yuma	M
135627	JPN	SUZUKI Hayate	M
135630	POR	KONG Rafael	M
135633	POR	MONTEIRO Silas	M
135639	HUN	KISHEGYI Akos	M
135660	POR	PINTO Matilde	W
135674	CHN	SAI Linwei	M
135678	HUN	LEI Balazs	M
135691	USA	TRAN Daniel	M
135693	FIJ	YEE Joshua	M
135698	USA	GUO  Jiangshan	W
135701	USA	JALLI Sarah	W
135715	USA	GOODWIN Kayla	W
135745	USA	MA  Jinbao	M
135749	USA	JU  Mingwei	M
135760	BRA	FIORE Beatriz	W
135768	USA	NARESH Nandan	M
135769	USA	NARESH Sid	M
135770	USA	ZHAO  BoYun	M
135789	USA	FAHIMI Darius	M
135826	OMA	RIYAMI Ahmed AL	M
135839	DEN	SKARSHOLM Patrick	M
135841	DEN	DYEKJAER Theo	M
135848	DEN	HVID Noah	M
135865	DEN	HAAGENSEN Jocefina	W
135872	OMA	MUTAWA Mohammed AL	M
135879	OMA	AL-SHAHI Mashal	M
135886	CHN	QUAN Kaiyuan	M
135887	CHN	LIANG Yanning	M
135888	CHN	XIANG Peng	M
135890	CHN	XIONG Mengyang	M
135893	CHN	LI Yuqi	W
135894	CHN	ZANG Xiaotong	W
135896	MKD	RUSTEMOVSKI Raif	M
135910	YEM	GUBRAN Ebrahim Abdulhakim	M
135912	JOR	EL-HASANI Rinad	W
135919	CHN	ZENG Beixun	M
135920	CHN	ZHU Jiaqi	M
135922	CHN	YANG Yiyun	W
135923	CHN	QI Fei	W
135924	TPE	CHANG Yu-An	M
135929	TPE	HSU Yi-Chen	W
135935	JPN	Sakura YOKOI	W
135937	JPN	TAKAMORI Mao	W
135948	CHN	GAO Yang	M
135954	CHN	LENG Yutong	W
135966	UKR	TRETIAK Nazar	M
135969	UKR	PONKO Olha	W
135972	CZE	HANAKOVA Nela	W
135977	FRA	LEBRUN Felix	M
135981	JPN	YOSHIYAMA Kazuki	M
135982	FIN	RASANEN Aleksi	M
135984	CZE	BRHEL Stepan	M
135987	AUT	SAGAWE Marc	M
135988	UKR	KURISHCHENKO Mariia	W
135991	CZE	BLINKA Michal	M
135996	JPN	MATSUSHIMA Sora	M
136005	HUN	SZANTOSI David	M
136007	FIN	KHOSRAVI Sam	M
136028	GER	SENKBEIL Vincent	M
136039	RUS	AKHMETSAFIN Damir	M
136044	RUS	KABURKIN Maksim	M
136046	RUS	IVANOVA Anastasiia	W
136052	RUS	SAMOKHIN Aleksei	M
136056	TPE	LI Yan Jun	M
136066	KSA	ABUALRAHI Hadi	M
136082	KEN	MUTUA Brian	M
136089	KEN	SETEY Lydia	W
136090	KEN	KOJAL Kennedy	M
136097	NED	CHAMBET-WEIL Remi	M
136100	CHN	HAN Xinyuan	M
136101	CHN	WU Yangchen	W
136116	FRA	KOURAICHI Alexis	M
136126	UKR	ZAVADSKYI Ihor	M
136144	TUN	KHALOUFI Mohamed	M
136146	TUN	BOUHJAR Salma	W
136153	ROU	MEI ROSU Bianca	W
136166	SLO	MOLTARA Enya	W
136169	TUN	KHALOUFI Adem	M
136170	TUN	ESSID Wassim	M
136174	FRA	BAECHLER Martin	M
136178	USA	HU Faith	W
136180	ESP	RAD Elvira Fiona	W
136190	ITA	IZZO Giacomo	M
136202	NZL	CHOI Timothy	M
136214	ENG	PATEL Anaya	W
136218	ETH	HADSH Amanual	M
136233	ARG	IWASA Abril	W
136258	BEL	MASSART Lilou	W
136309	JPN	AKAE Kaho	W
136310	THA	BOONSIRIWATCHARAKUL Chonlasith	M
136311	THA	RATSAMIPLANG Ratchaphon	M
136326	RUS	KONIUKHOV Ilia	M
136342	TUN	GUERFEL Youssef	M
136346	GHA	BAIDOO Augustina	W
136348	GHA	OFORI Emmanuel	M
136357	FRA	CHEVALLIER Clemence	W
136361	FRA	DE STOPPELEIRE Clea	W
136365	SUI	TULLII Nina	W
136369	THA	SAELEE Puripong	M
136377	MAS	WONG Qi Shen	M
136388	SUI	MAURER Ludivine	W
136399	LUX	VAN DESSEL   Mael	M
136400	LUX	SADIKOVIC Melisa	W
136401	LUX	SADIKOVIC Enisa	W
136402	KGZ	KASYMOV Akylbek	M
136403	CHN	FAN Shuhan	W
136406	CUB	CRESPO  Estela	W
136409	BRA	NOGUTI Henrique	M
136416	ECU	PIGUAVE Diego	M
136417	ECU	CEDENO Jeremy	M
136420	BRA	WATANABE Laura	W
136429	ECU	BORJA Maria	W
136432	PER	ESCOBEDO Francesca	W
136433	PER	PRIETO Alejandra	W
136464	TUR	KARACA Zeynep	W
136469	CIV	AKA Salie Ange	W
136473	KOR	GIL Minseok	M
136474	KOR	KIM Minwoo	M
136479	KOR	CHOI Nahyun	W
136491	PHI	CRUZ Kheith	X
136499	CMR	AHMED NENBA Yaoussou	M
136501	BEN	ADOU Amir Atanda	M
136503	BEN	LIMA Chancia Cynthia	W
136505	CMR	BOULMO Igor	M
136516	TOG	AMAH Ayoko Fanida	W
136517	RSA	LEVY Dean	M
136520	CMR	MOHAMED Abdoulaye	M
136521	MRI	HOSENALLY Oumehani	W
136527	ESP	RODRIGUEZ Angela	W
136531	THA	PANFUENG Bhudej	M
136532	THA	THANANANPONG Issarawut	M
136536	CHN	LIANG Guodong	M
136539	CHN	WANG Xiaotong	W
136545	NZL	MERCER-BEUMELBURG Lydia	W
136566	AUT	KRAMER Lukas	M
136567	GER	OEHME Benno	M
136574	POL	SZTWIERTNIA Ilona	W
136587	CHN	SUN Zheng	M
136600	CAN	XU Jessie	W
136607	PRK	Kum Yong Kim	X
136613	CHN	LI Yake	W
136622	TPE	CHUANG Chia-Chuan	M
136630	CAN	MORIN Katherine	W
136631	RSA	MOOSA Nizaam	M
136653	NZL	YANG  Zhehan Joanna	W
136657	AUS	NIE Chulong	M
136687	CRO	BENKO Leon	M
136711	JPN	HARIMOTO Miwa	W
136712	JPN	UESAWA Anne	W
136755	UKR	MATIUNINA Veronika	W
136756	UKR	ZAVADA Mykyta	M
136757	JPN	YOSHIYAMA Ryoichi	M
136761	ETH	ABRHA Gidey	W
136766	DOM	DARLEY MEJIA Eduardo	M
136779	CUB	PEREZ  Adrian	M
136808	JPN	NOMURA Moe	W
136908	BLR	MIASHCHANSKAYA Ulyana	W
136953	BLR	VARABYOVA Veranika	W
136984	TPE	TSENG Tzu-Yu	M
136987	TPE	YEH Yi-Tian	W
137003	IRI	SOHRABI Mohammadjavad	M
137004	KOR	LEE Hoyun	M
137007	KOR	KIM Gaon	M
137009	NGR	MUSTAPHA Musa	M
137012	NGR	MUSTAPHA Mustapha	M
137015	USA	OLASOJI Yinka	M
137031	BUL	MUTLU Sidelya	W
137032	BUL	GEORGIEVA Tsvetelina	W
137036	SUI	DOUTAZ Fanny	W
137037	SUI	STOLL Loic	M
137041	NED	VENNE Chana VAN DER	W
137055	PYF	WONG Heimoe	W
137097	JOR	KHADER Batool	W
137100	JOR	AL-NAJADAT Taqi Al-Din	M
137102	JOR	ALBESANI Jad	M
137114	DOM	MUNOZ Shary	W
137140	GHA	AGBOTTAH Hilda	W
137142	NGR	AKINSETE Abosede Esther	W
137154	KOR	SEO Hyeonwoo	M
137159	CRC	PEREZ Sofia	W
137175	PUR	BIRRIEL Oscar	M
137181	PUR	VELEZ Yadier LOPEZ	M
137183	PUR	LAFONTAINE Kristal MELENDEZ	W
137185	PUR	LEON Edmarie	W
137191	IND	PUSHILAL Kiranjoy	M
137193	KOR	YOO Yerin	W
137200	FIN	TUUTTILA Juhana	M
137202	FIN	HAKASTE Lauri	M
137212	AUT	LIU  Zhenlong	M
137232	BOT	JACK Phetso	M
137235	BOT	MOTLHALAMME Tshepang	W
137237	CHN	LIN Shidong	M
137238	CHN	HUANG Youzheng	M
137242	IND	PAL Akash	M
137247	KSA	ALQASSAB Mohammed	M
137249	CRO	REBIC Zrinka	W
137251	CZE	MORAVEK Jindrich	M
137252	CZE	KADLEC Vit	M
137274	KOR	CHOI Yeseo	W
137294	USA	FENG Jensen	M
137300	VIE	NGUYEN Khanh	W
137305	PER	RUBINOS Adrian	M
137314	PER	ARAGON Ana	W
137316	ALG	BELLA Maheidine A	M
137351	LBN	HABACH SaadEddine	M
137352	LBN	HABACH Mohamed Nour	M
137357	OMA	REYEMI Ahmed Salem	M
137380	QAT	AL-MOHANNADI Ahmad Khalil	M
137409	KAZ	KURMAMBAYEV Sagantay	M
137421	INA	AMINAH Siti	W
137427	MRI	HOSENALLY Ashfani	W
137431	MRI	ANDRE Maena	W
137434	MAD	RAVONISON Stephen	M
137458	JPN	TAHARA Shogo	M
137465	CHN	XU Yi	W
137486	LBN	EL HABECH Yasmina	W
137487	LBN	CHIRI Bissan	W
137491	QAT	MELKI Faouzia	W
137556	CZE	KOSTAL Daniel	M
137561	CZE	SIP Martin	M
137564	SVK	ARPAS Samuel	M
137568	KAZ	KURMANGALIYEV Alan	M
137569	KAZ	ZHUBANOV Sanzhar	M
137574	RUS	VORONINA Vlada	W
137577	RUS	STEPANOVA Mariia	W
137579	ENG	THOMIS Felix	M
137602	HUN	HUDAK Dorina	W
137612	ENG	PIGGOTT Benjamin	M
137624	FRA	ROBBES Jeanne	W
137625	MAR	BENCHAT Marius	M
137626	FRA	PUJOL Elise	W
137627	AUS	LIU Yangzi	W
137630	POR	ABIODUN Tiago	M
137633	ENG	GREEN Erin	W
137647	PUR	RODRIGUEZ Alondra	W
137658	QAT	ALI HAMZA Ali	M
137661	NZL	LIU CAO  Alex	M
137665	TPE	YANG Chia-An	M
137686	DEN	NIELSEN Maribo Sally	W
137709	ENG	BALDWIN Mari	W
137713	DEN	SAMUOLIS Dominykas	M
137726	KOR	PARK Changgeon	M
137731	KOR	KIM Hana	W
137733	CHN	SUN Wen	M
137734	CHN	YANG Huijing	W
137736	JPN	SHIRAYAMA Ami	W
137752	RUS	TEREKHOVA Zlata	W
137764	RUS	KURILKINA Kristina	W
137796	USA	LIN Jiaqi	W
137846	OMA	FARSI Luqman AL	M
137850	IND	GHORPADE Yashaswini Deepak	W
137856	IND	PATEL Hardee	W
137863	ENG	GREEN Connor	M
137873	SWE	BERGENBLOCK William	M
137877	USA	TSAO Darryl	M
137881	SWE	DAHLSTROM Noa	M
137885	AUT	RZIHAUSCHEK Julian	M
137894	FRA	Jia Nan YUAN	W
143586	GER	SCHWEIGER Tom	M
143600	GER	KOEPKE Heye	M
143604	JPN	WATANABE Tamito	M
143628	WAL	HETHERTON Rhys Conor	M
143671	SUI	VEPA Chaitanya	M
143679	UKR	OLESKEVYCH Yaroslav	M
143743	ARG	CALLABA Nicolas	M
143785	IND	GOYAL Garima	W
143942	ITA	FASO Danilo	M
143947	ITA	MORETTI Irene	W
143949	ITA	MINURRI Sofia	W
144010	ECU	PONCE CEDENO Paul Ignacio	M
144068	ITA	FANTONI Matteo	M
144098	ESP	BERZOSA Maria	W
144099	PER	VIGO IZAGUIRRE Rodrigo Ali	M
144102	PER	SILVA SANTISTEBAN MONJA Cesar Alejandro	M
144239	BRA	SENAGA SHIRAY Karina Ayumi	W
144242	BRA	NISHIMURA Nicolas	M
144271	CHN	REN Hao	M
144473	MAS	LI YING Im	W
144477	MAS	AI LIS Gan	X
144490	SGP	TAN Nicholas	M
144498	SGP	LEE Eng Kee	W
144508	CAN	LIU Crystal	W
144510	NGR	OKANLAWON Usman Ishola	M
144522	NZL	CHEN Jack	M
144528	FRA	COTON Flavien	M
144530	FRA	LAM Nathan	M
144596	MGL	UVGUNBURGED Baljinnyam	W
144600	MGL	BAT-ERDENE Egshiglen	W
144615	IND	PRADHIVADHI Abhinandh	M
144628	CHN	QIN Yuxuan	W
144633	JPN	IDESAWA Kyoka	W
144647	THA	SAKAMPEE Weerasak	M
144650	THA	BAVORNTHAMMARAT Woraset	M
144653	THA	DERUJIJAROEN Khemisarar	W
144654	THA	CHANVANITBORIKAN Pacharaphorn	W
144657	THA	WONGLAPASSAKUL Kullarat	W
144659	GER	LACHENMAYER Lea	W
144661	ROU	GIRLEA  Maria	W
144666	QAT	ABDALLA Yousif	M
144667	QAT	ABDULWAHHAB Abdullah	M
144668	QAT	SAADAWI Ahmed	M
144689	GHA	OFORI Richard	M
144705	TPE	HUNG Jing-Kai	M
144718	ESP	SANCHEZ Juan Pedro	M
144738	AUT	PURSTINGER Lorenz	M
144748	MAS	HONG YU Tey	M
144770	RWA	MASENGESHO Patrick	M
144777	RSA	EDWARDS Lailaa	W
144778	CMR	NDOA Marie Edouard	M
144795	USA	SCHEUER Peter	M
144823	KOR	CHO Sangyeon	M
144824	KOR	HO Jeongmun	M
144827	HKG	LAW Sum Yee	W
144850	TUR	ISIK Hakan	M
144861	JPN	AOKI Sachi	W
144862	JPN	TAKEYA Misuzu	W
144891	BRA	IIZUKA Leonardo Kenzo	M
144892	TUR	DURSUN Ugurcan	M
144963	NZL	CAVANAGH Maia Christine	W
144965	MAR	REGRAGUI Sofia	W
145015	UZB	NORKULOVA Mekhriniso	W
145016	UZB	MAGDIEVA Markhabo	W
145020	KOS	HAJDARI Blend	M
145027	AUS	YANG  Qian	W
145029	AUS	GOH  Hanna	W
145043	TPE	HSU Hsien-Chia	M
145047	CAN	CAI Demi Yu Ting	W
145087	BUL	KOTEV Radoslav	M
145110	CAN	YE Zelin	M
145122	PER	COLFER Alessia	W
145134	AUS	PSIHOGIOS Constantina	W
145156	CAN	GREWAL Jordan Shamsher	M
145171	KGZ	KASYMOV Atai	M
145172	NCL	PERROT Adrien Paul	M
145189	CZE	SOCHOR David	M
145200	UKR	SHEREDEHA Sofiia	W
145208	LTU	MIKALAUSKYTE Marija	W
145212	FIN	KELLOW Ella Mari	W
145216	FIN	BETZ Ramona Maarit	W
145245	TGA	PEPA Inoke	M
145247	TGA	FUNGAVAI Melekaufusi Maryanne Cocker	W
145253	TGA	FIFITA Tupou	W
145261	SLO	HORVAT Polona	W
145267	JPN	OJIO Yuna	W
145277	SLO	VOVK PETROVSKI Brin	M
145286	HUN	VARGA Botond Zoltan	M
145289	HUN	CSERI Adam	M
145290	PER	LA TORRE SANCHEZ Mariagrazia	W
145294	COL	OTALVARO GARCIA Alex Federico	M
145304	KOR	LIM Yunoh	M
145391	PUR	VALENTIN-MARENGO Derek Yadiel	M
145408	VEN	DIAZ Mariangel	W
145409	COL	ISAZA Ana	W
145421	CRO	HENCL Ivan	M
145429	MGL	GANKHUYAG Ser-Od	M
145455	IND	KOTECHA Taneesha	W
145467	AFG	HOSSEINI  Mohammad	M
145468	INA	MAMONTO ^^ Syahrizal Nauval Akbar	X
145473	UZB	RAKHIMBERGANOV  Jamshchid	M
145484	UGA	NAKHUMITSA Rita	W
145486	ETH	DUFERA Darara Mokonen	M
145487	ETH	ABEJE Eyob Sissay	M
145489	KOS	HASHANI Shega	W
145525	OMA	AL JASSASI Bader	M
145540	GER	KALAITZIDOU Eireen Elena	W
145542	JOR	SADAQA Zeina	W
145544	FRA	HOCHART Leana	W
145547	GER	MERK Melanie	W
145550	CHN	HU Dongshen	M
145559	INA	LIAUW Felix	M
145571	AUT	SEPER Michael	M
145590	KEN	MSAFARI  Laban Justine	M
145593	MTN	AHMED SALEM El Moctar	M
145596	KEN	JEMMY  Compell Amadi	W
145597	KEN	LISA  Nasimuyu Wele	W
145598	KEN	PAMELA  Glory Akeel	W
145606	ENG	GREEN Anna Lillian	W
145615	POR	LEAL Julia	W
145617	POR	RAMOS COSTA Mariana	W
145634	POR	SANTA COMBA Mariana	W
145641	CAN	MARTIN Simeon	M
145649	PER	SORRENTINO Giacomo	M
145660	VAN	LULU Edwin	M
145677	ENG	SAVAGE Rebecca Jennifer	W
145694	SWE	SUNDIN Isak Theodor Mikael	M
145695	DEN	STOFFREGEN Mille Lyngsoe	W
145743	CHN	AO Hualei	M
145746	CZE	POLAKOVA Veronika	W
145751	ENG	STEVENS Maxim Oliver	M
145759	FRA	GILLES Sohan Joseph	M
145796	GER	MORSCH Lorena	W
145799	GER	BERTELSMEIER Andre	M
145805	KOR	CHOI Seoyeon	W
145807	GER	NEUMANN Josephina	W
145811	GHA	QUARCOO Ernest	M
145828	CAN	MARTIN Matteo	M
145860	USA	DENG Zhen	W
145866	PER	MENDOZA SALAZAR Eduardo David	M
145868	PER	ZEA HUACAN Cecilia Valentina	W
145872	PER	VERA Gonzalo	M
145874	PER	VILLAR SOLANO Julio Andre	M
145875	PER	MENDOZA SALAZAR Karla Joana	W
145902	USA	LIN Yishiuan	W
145904	USA	LU Changbo	M
145908	USA	MAK Joshua	M
145916	WAL	DOCHERTY Harrison Thomas	M
145950	USA	WANG Yixiao	W
145960	USA	ZHANG Tianrui	M
146021	BRA	YAMANE Hamilton	M
146023	BRA	MIYABARA Sabrina	W
146031	PER	LAU CIGUENAS Pablo	M
146041	ECU	ANCHUNDIA LEON Keimy	W
146045	PER	RETAMOZO Andrea	W
146048	PER	DELGADO MATIAS Brunella Estefania	W
146050	PER	BLANCO Carlos	M
146054	CAF	MAKA-GBOSSOKOTTO Jean Rigobert Junior	M
146057	IND	BRAMHACHARY Diya	W
146060	PER	PERALES Jose	M
146061	PER	LEON Isabella	W
146065	PER	GRANADOS Luciana	W
146068	PER	AQUIJE Natzumi	W
146071	CAF	MBARI Princia	W
146081	MDV	AKHYAR Ahmed	M
146089	BRA	STOLARSKI Lhays	W
146091	BRA	STRASSBURGER Victoria	W
146113	IND	ALI Mohammed	M
146141	NED	DE HOOP Jacob Jochem	M
146150	TUN	SUISSI Balkis	W
146154	TUN	CHAIEB Firas	M
146167	LBA	HAMRANA Ali Mohamed Ali	M
146168	LBA	HAMRANAH Alhusayn	M
146169	ANG	SIMOES Eugenia Esperanca De Andrade	W
146212	TOG	AGBODJAN Elias	M
146213	BRA	CORREIA Beatriz	W
146217	COL	RUIZ SALAZAR Mariana	W
146222	VEN	NAVARRO Gary	M
146224	VEN	CARDENAS MALLIOTAKIS Isaleym Mariam	W
146225	VEN	CASTILLO AROCHA Cesar Augusto	M
146226	VEN	SOTELDO GOYO Yeifrer Yoandri	M
146227	VEN	PEREZ RICO Erick Abraham	M
146228	VEN	MATA APONTE Sthefany Alexandra	W
146232	FRA	GUO ZHENG Nina	W
146241	FRA	NOIRAULT Antoine Jean Christian	M
146284	VEN	GOMEZ OLIVERA Cristina	W
146287	CRC	MONTOYA  Alejandro	M
146293	UZB	ISKANDAROV  Shokhrukh	M
146298	UZB	KAMALOVA  Arujan	W
146301	UZB	ERKEBAEVA  Asel	W
146305	UZB	PANOV  Nikita	M
200029	CRC	ZAVALETA Lucia	W
200040	NGR	BOBOYE Samuel	M
200042	PAK	FAWAD Hoor	W
200044	TPE	KUO Guan-Hong	M
200071	POR	RODRIGUES Mariana	W
200076	POR	PINTO Bernardo	M
200084	HUN	SZOSZNYAK Emma	W
200087	TUR	DEMIR Busra	W
200093	GUY	VAN LANGE Jonathan	M
200095	CZE	KODETOVA Hanka	W
200157	CMR	BATIX Ylane	M
200176	LAT	JERSOVA Aleksandra	W
200182	JEY	SILCOCK Hannah	W
200186	SWE	SVENSSON Agnes	W
200199	AUT	DIEUDONNE Maxime	M
200205	NZL	GEAR Lisa	W
200207	NZL	JAJAL Payas	M
200209	NZL	HUANG Cecilia	W
200210	NZL	LAM Jocelyn	W
200212	ENG	ELLIS Tobias	M
200222	NZL	CHEN Anya	W
200223	NZL	BUCHANAN Griffin	M
200225	NZL	MORIYAMA-PICARD Ayumi	W
200226	IND	BASAK Anannya	W
200231	NZL	HO Eli	M
200233	LBN	ABI NADER Michel	M
200237	NZL	WANG Yufeng	M
200287	QAT	AL ABDULLA Abdulaziz	M
200291	BUL	VELICHKOV Yoan	M
200294	BUL	PERSOVA Viktoria	W
200304	BUL	DIMITROV Stefan	M
200310	NGR	ADEGOKE Muizz Olawale	M
200312	UZB	UKTAMBOEV Mukhammad	M
200315	IND	DAS Shankhadip	M
200316	IND	BHATTACHARJEE Ankur	M
200317	IND	WANI Sayali Rajesh	W
200319	IND	GOEL Prisha	W
200320	KAZ	SANDYBAYEVA Malika	W
200321	KAZ	TSVIGUN Alissa	W
200322	KAZ	ASHKEYEVA Aray	W
200323	KAZ	KOSHKUMBAYEVA Zhanerke	W
200324	KAZ	MOCHALKINA Viktoriya	W
200327	CIV	BALLO Tiemoko	M
200328	CIV	LEBA Essevoh Mireille	W
200345	KAZ	TORSHAYEVA Guzel	W
200347	KAZ	ZHAXYLYKOVA Albina	W
200353	KGZ	SULAIMANOVA Nazgul	W
200354	KGZ	NASIRDINOV Adilet	M
200360	VEN	MATA APONTE Nathacha Dennys	W
200361	VEN	RIOS ROMERO Carlos Josue Alberto	M
200362	CMR	BERNSAH Cyril Nyuyuni	M
200363	CMR	DJIKE TCHUINKAM Marianne Hillary	W
200364	CMR	DJITOUO SAHA FOTSO Alex	M
200365	CMR	BOGHUMA KAHLIH BOBGA	W
200366	CMR	NSOH NJI Nelson	M
200369	CAF	MOZIALO Grace A Dieu	M
200370	CAF	GUEZA-GREMOINDI Ronald Gilles	M
200382	UGA	AMANIYO Flavia	W
200385	UGA	ACHUMA Benjamin Ebenezer	M
200386	UGA	NEKESA Irene	W
200389	BRA	DOTI Felipe	M
200390	BRA	IWASAKI Kim	M
200391	BRA	MENEZES ARAUJO Abimael	M
200393	BRA	KANO Sofia	W
200406	BOT	DEKOP Sean Omaatla	M
200407	CMR	DOH WABILA Christopher	M
200408	CMR	JASMINE KEVINE Mewambe Kouontchou	W
200409	CMR	JULIANA YVANA SHARON Mbock	W
200410	CAF	BANGAYE GUELINGO MAILLET Marlyse G	W
200413	KOR	JOO Cheonhui	W
200415	COL	BEDOYA Sebastian	M
200434	CAN	FU Ching Nam	W
200446	VEN	MEDINA BLANCO Raymondo Jose	M
200469	POR	SILVA Rafael	M
200571	AFG	DANESHMAND Behrooz	M
200583	USA	SHEN Charles	M
200584	USA	YU Mandy	W
200586	USA	LIU Amber	W
200587	USA	LIN Ryan	M
200599	VEN	TOVAR GIRALDO Jesus Alejandro	M
200600	VEN	PEREZ ALBARRAN Andrea Angely	W
200632	VEN	PINO HERNANDEZ David Abraham	M
200637	BRA	MENEZES Abigail	W
200640	BRA	KANO Lana	W
200642	BRA	PINCERATO Gabrielle	W
200649	VEN	VEGAS VASQUEZ Jonathan Jeancarlos Javier	M
200650	VEN	LOPEZ PATINEZ Andres Jesus	M
200654	VEN	GUILLEN PIRELA Antoni De Jesus	M
200655	VEN	PEREZ VERA Shariz Sofia	W
200657	VEN	MARCUNEZ PACHECO Ruben Isaac	M
200658	VEN	LOPEZ FIGUEREDO Ramses Alejandro	M
200660	VEN	LOPEZ Gabriela	W
200661	VEN	ZERPA FLORES Paola Magaly	W
200664	JPN	HAGIHARA Keishi	M
200735	VEN	ESPINOZA Zurisadai	W
200756	BRA	SARDA Mahayla Aime	W
200758	QAT	AL HADDAD Essa	M
200776	LBN	FAHES Ahmad	M
200814	UAE	MOHAMMED Jassem	M
200856	SWE	TORNER Jakob	M
200861	QAT	AL-ABDULLA Obad	M
200883	HUN	WEI Chen Yu	M
200893	JPN	EDAHIRO Ai	W
200894	JPN	SUZUKI Misaki	W
200904	FIN	DONNER Marina	W
200907	CHN	ZONG Geman	W
200908	CHN	ZHU Sibing	W
200909	RTT	POGOSIANTS Arina	W
200969	MRI	CHADY Rachel	W
200977	ITA	SANCHI Candela	W
201032	KOR	PARK Gahyeon	W
201033	QAT	AL-KUWARI Rabeah	M
201124	TUR	OCAL Gorkem	M
201160	CHN	WANG Tingyu	M
201164	KOR	LEE Seungsoo	M
201185	LBN	AL DAKDOUKI Ramez	M
201203	PER	YAMANAKA Erika	W
201238	IRI	FARAJI Benyamin	M
201271	HKG	MAK Ming Shum	W
201279	JOR	ALHAJ HASHEM Mira	W
201281	JOR	AL-SHAMM'A Issa	M
201289	JOR	AL-ZOUBI Rakan	M
201311	IND	VARGHESE Jennifer	W
201380	AUS	CHENG Clarence	M
201384	AUS	LE Nguyen	W
201385	AUS	HSU Yi-Jen	W
201386	AUS	LIU Stephen	M
201387	AUS	GUO Jeffrey	M
201388	AUS	LUM Lucas	M
201437	THA	YATAWANON Wasaphon	M
201438	THA	VIJITVIRIYAGUL Kulapassr	W
201439	THA	SOIPHUANG Nimit	M
201446	RSA	SCHOLTZ Ruan	M
201453	SGP	LOY Ming Ying	W
201462	IND	KARMAKAR Avisha	W
201466	GER	VERDONSCHOT Wim	M
201504	AUS	SAREEN Aditya	M
201508	USA	LEBAKA Nishant	M
201761	VEN	LOPEZ Francisco	M
201777	PER	CARRASCO Sujey	W
201787	COL	JIMENEZ Juan	M
201828	ARG	MARCIAL Alma	W
201872	JPN	YOSHIMOTO Hana	W
201893	USA	KUI Nicholas	M
201896	USA	CHEN Lichen	W
201897	USA	FAHIMI Daria	W
201909	VEN	FERRER Dakota	W
201911	VEN	PEROZO Liudwing	M
201914	IRI	MOSLEMI Mehrsa	W
201943	USA	ZAI Isabella	W
201944	USA	OU Rachel	W
201945	USA	LI Xin	W
201946	USA	WONG Grace	W
201947	USA	WANG Jihai	M
201948	USA	CANTARELLI Frederico	M
201949	USA	YANG ALbert	M
201961	CAN	DESMEULES Joakim	M
201972	USA	KASHYAP Stuti	W
202038	USA	MENON Amoolya	W
202064	CHN	WANG Chen Ce	M
202091	KEN	MUTUMA Nelly	W
202094	KEN	KINUTHIA Mary	W
202095	KEN	PARANJO Rufina	W
202117	ARG	SAAVEDRA Tomas	M
202147	VEN	HERNANDEZ Albani	W
202154	MTN	AHMED El Hacen	M
202164	UGA	NANGONZI Judith	W
202166	UGA	NAKAWALA Jemimah	W
202172	RWA	HAHIRWABASENGA Didier	M
202217	VEN	MARIN Joaquin	M
202247	BEN	AGUEH Lyntia	W
202262	GHA	LABANTI Blessing	W
202341	THA	CHANTANA Thanwarat	W
202342	THA	SAEOU Tieanchai	M
202344	THA	SREECHAK Wiranchana	W
202345	THA	WONGLAKHON Phatsaraphon	W
202350	THA	AUKADECHCHAIKUL Sittipol	M
202361	BOT	MOOKETSI Ndelu	M
202373	ZAM	BANDA Charles	M
202374	ZAM	KUNDA Mubanga	W
202375	ZAM	NALAVWE Latifa	W
202376	ZAM	MWELWA Janet	W
202377	ZAM	BANDA Isaiah	M
202381	ZIM	FAMBIRA Tinotenda	M
202383	ZIM	MUMVUMA Tatenda	M
202397	INA	SUSILO Braydon	M
202408	IRI	KESHAVARZI Amirmahdi	M
202440	KGZ	MOLDALIEV Tilek	M
202456	MAR	GHOUNIM Malak	W
202467	MAR	RIFAII Aya	W
202486	SWE	HANDEN Anja	W
202502	PNG	AGARI Tammi	W
202520	MAR	BERRADA Dina	W
202561	JPN	SAKAI Yuhi	M
202627	NGR	KUTI Matthew	M
202639	RSA	MASHWABI Boipelo	W
202641	RSA	BEUKES Liam	M
202643	RSA	HEERALAL Bhavna	W
202644	RSA	HEERALAL Hashmika	W
202683	NZL	XIAO August	M
202738	JOR	ALJAAFREH Yamen	M
202746	CHN	WANG Yiduo	W
202747	CHN	ZHU Ziyu	W
202748	CHN	CHU Hanwen	W
202749	SGP	LOY Xing Yao	M
202797	IND	MAJI Sayanika	W
202802	TUR	KARABOGA Mehmet	M
202812	TGA	COCKER Salesi	M
202859	MHL	BOKADRIK Ricky	M
202860	MHL	BOB Kabuati	M
202861	PYF	TEHAHETUA Kelley	W
202862	PYF	TEHAHETUA Keala	W
202864	PYF	DECIAN Keanu	M
202865	PYF	FRUCHON Gaspard	M
202867	PYF	PAMBRUN Arii	M
202868	PYF	LAFORTUNE Heimanarii	M
202869	PYF	KAU-TAI Teikimeiteaki	M
202877	VAN	CARLOT Brendan	M
202878	AUS	ZHANG Victoria	W
202879	AUS	VARDINEJAD Rayan	M
202913	FIJ	DENG Jedidiah	M
202914	FIJ	TERAWAUEA Hannah	W
202915	FIJ	ZHOU Cheng	M
202916	FIJ	YEE Seng	W
202924	SOL	KOUTO Selwyn	M
202925	VAN	SHING Daiki	M
202937	BAH	Rollins Adrian	M
202957	THA	PRASONGPOL Nawachet	M
202970	CHN	YAN Yutong	W
202971	CHN	XU Huiyao	W
202982	CHN	KANG Youde	M
202988	MTN	LEJRAB Maawiya	M
202989	FIJ	ZHANG Bei Yan	M
202991	BYE	BYE	M
203029	CHN	SUN Yang	M
203064	KOS	RULI Taibe	W
203065	KOS	MALOKU Adriatik	M
203067	CHN	WEN Ruibo	M
203068	CHN	FEI Junhang	M
203179	AUS	CHENG Chloe	W
203200	AUS	GAETA Taleisha	W
203208	MAR	FECHTALI Samy	M
203210	MAR	THEOPHILE Yassine	M
203306	LBN	YAHNIAN Lori	W
203308	NGR	ABDULFATAI Abdulbasit	M
203309	NGR	ADEOYE Hussein	M
203457	LBN	SAFADIEH Bassam	M
203471	CHN	YAO Zixuan	W
203472	CHN	LI Hechen	M
203536	ENG	YU Tianer	W
203573	USA	TOLEDO Claudinei	M
203584	VEN	ARRIAGA Carlo	M
203588	USA	AMAYA Juan	M
203618	CHN	DING Yijie	W
203619	CHN	GAO Yuxin	W
203725	PLE	ALJAFARAWI Saleh	M
203752	RSA	MOTHUPI Boingotlo	W
203753	RSA	STEWE Bernard	M
203754	RSA	BIGGAS Kaitlin	W
203755	RSA	SCHOLTZ Juane	W
203757	RSA	MACHI Snesipho	W
203758	RSA	ISSA Ziyaad	M
203760	RSA	NAIDOO Brady	M
203761	RSA	RAMSUTH Cameron	M
203762	RSA	SATHYANAND Sherwin	M
203763	RSA	VANDAYAR Leneshan	M
203851	RSA	JAIMUNGAL Yashil	M
203852	RSA	GAYANDA Kavir	M
203934	MAD	RAZAFINARIVO Antoine	M
204071	IND	DESAI Vidit	X
204072	IND	CHOUDHARY Gayatri	W
204073	IND	MEHRA Naman	M
204074	IND	KURDIKERI Samarth	M
204187	QAT	AL-QUTAITI Mubarak	M
204197	IND	ANTAL Jashan	M
204216	IND	SHARMA Manav	M
204288	CHN	CHEN Junsong	M
204290	CHN	SUN Sinan	W
204291	CHN	CHANG Lingfei	W
204292	CHN	WANG Xiaonan	W
204302	IND	MAZUMDER Prachi	W
204350	PLE	FAYED Sami	M
204351	AUT	KRAMER Christopher	M
204397	TUR	TEMEL Arda	M
204499	REF	AHMADIAN Mahdi	M
204513	KOR	JEONG Yein	W
204515	BRA	ROMANSKI Lucas	M
204538	ETH	MESFIN BIRHANU Demesse	M
204798	VEN	MASSIEL Rojas	W
204845	CHN	CHEN Hengda	M
204951	BEN	GOUSSIKINDE Fifame	W
205053	BRA	CAVIQUIO Gabriel	M
205157	VEN	ROMERO Albania	W
205159	VEN	ROMERO Andrea	W
205257	GHA	MARFO James	M
205259	GHA	ANTWI Francis	M
205260	GHA	ALABI Godwin	M
205262	RWA	TWIZERANE Mbabazi	W
205263	RWA	TUMUKUNDE Elevine	W
205297	KEN	MUSYOKI Boniface	M
205401	CHI	ZENG Zhiying	W
205717	BRA	SARMENTO Allan	M
205778	PER	SANLLEHI Ana	W
205789	MDV	ISMAIL Mohamed	M
205800	NGR	OLADEJO Qudus	M
205801	NGR	AKINYEMI Adebowale	M
205816	GHA	COLEMAN Agnes	W
205850	NGR	UDOAKA Hope	W
205856	KOS	KARABAGJAK Arti	M
205858	KOS	IMERI Leoresa	W
205859	KOS	OSMANI Lene	W
205931	USA	YU Carmen	W
205937	MAR	NEMRAS Reda	M
205994	LBN	BAYROUTI Mariam	W
206049	NGR	SEZUO Aziza	W
206050	NGR	AYOOLA Kabirat	W
206051	NGR	FABUNMI Mathew	M
206094	RSA	LODEWYK Cowen	M
206219	CHN	YANG Huize	W
206221	CHN	TANG Yiren	M
206252	HKG	SU Tsz Tung	W
206277	NCL	CLOUET Olivier	M
206326	BRA	CARVALHO Lucas	M
206343	SRB	GRUJIC Aleksandar	M
206350	BRA	SERIKAWA Camila	W
206351	BRA	ARATA Leonardo	M
206381	COD	MINGASHANGA Bertin	M
206508	NZL	YI Yelena	W
206528	NCL	NASRODIN Yvonne	W
206562	CHN	SHI Cancheng	M
206576	NCL	KOESMAN Sonia	W
206604	MGL	MANLAIJARGAL Munkh-Ochir	M
206629	AUS	HUANG Jacob	M
206648	NCL	GALINIE Noa	M
206649	NCL	IAICHOUCHEN Lucien	M
206679	THA	YAMLEEMUL Pongspat	M
206759	FIJ	KING Gideon	M
206781	BRA	KUMAHARA Luca	M
206909	CHN	LIU Xinran	W
207001	AUS	HASSAN Yousef	M
207008	GHA	BORTEYE Joanita	W
207009	BEN	YESSOUFOU Madinath	W
207044	LBN	ABDALLAH Karim	M
207064	RWA	TUYIKUNDE Thamalie	W
207101	KEN	MASAN Becky	W
207454	PER	HUAMAN Camila	W
207584	IND	GUPTA Akash	M
207744	WLF	SALVI Clement	M
207888	USA	TANG Yao	W
208351	KOR	JEONG Yeonghun	M
208363	IND	DAS Debolina	W
208364	IND	SABHARWAL Ansh	M
208509	KOR	HAN Eunho	M
208510	USA	REYES LAI Jessica	W
208511	IND	AGARWAL Anshuman	M
208769	PER	PAREDES Camila	W
208869	LBN	DAMAJ Hala	W
208905	LBN	RADI Antony	M
208988	LBN	BADIH Mohamad	M
208989	LBN	BADIH Ibrahim	M
208990	LBN	MOUKHTAR Hilal	M
208992	KUW	ALFADHLI Khaled	M
208996	BRA	NASCIMENTO Maria	W
209021	JPN	OKANO Shunsuke	M
209073	BUL	KOSEV Ivaylo	M
209074	IND	MALIK Rahul	M
209121	GHA	AKLIE Israel	M
209138	VEN	MARTINEZ Moises	M
209139	VEN	BETANCOURT Barbara	W
209332	QAT	SHAIKH Sarrinah	W
209429	VEN	SALVATIERRA Carla	W
209433	VEN	GONZALEZ Alondra	W
209548	NCL	GIRET Maylis	W
209633	VEN	CRIOLLO Sofia	W
209660	NGR	RABIU Aishat	W
209663	GHA	YEBOAH Michael	M
209781	VEN	SALCEDO Enmanuel	M
209805	CHN	FENG Yixuan	X
209954	CHN	LUO Jiecheng	M
209955	CHN	NING Xiankun	M
209975	NGR	ADEYEMI Olamide	M
210212	THA	KASEMPHONGRUEANG Jirathtikul	M
210239	NGR	NATUS Matthew	M
210240	NZL	CHONG Josephine	W
210318	CHN	XU Jiayi	W
210319	CHN	HU Yi	W
210321	CHN	WANG Kaibo	M
210501	IND	SAHU Gungun	W
210821	PLE	NEMER Mohammed	M
210877	JPN	EDAHIRO Hitomi	W
211031	JPN	MIKI Hayato	M
211037	JPN	OKADA Kotona	W
211408	CHN	LI Enci	M
211409	CHN	LI Yihui	W
211410	CHN	LONG Yu	M
211446	AUS	HUANG Zhongye	M
211653	VEN	BECERRA Ana	W
211656	VEN	BELLO Katherinee	W
211660	VEN	BEJAR Saul	M
211709	VEN	ALZUETA Maria	W
211710	VEN	CARDENAS Cristopher	M
211733	VEN	PINO Kelly	W
211735	VEN	CAPELLA Mateo	M
211738	VEN	PINO Davis	M
211740	VEN	BARRAEZ Keimy	W
211742	VEN	DIAZ Edgar	M
211746	VEN	GEBRAN Carlos	M
211747	VEN	CARDOZO Abraham	M
211748	VEN	HERNANDEZ Luisa	W
211750	VEN	SANTANA Ana	W
211751	VEN	CHOURIO Ohanny	W
211754	VEN	FERNANDEZ Jeremi	M
211760	VEN	DIAZ Wilfan	M
211761	VEN	MARCUNEZ Diana	W
211762	VEN	ESCOBAR Maria	W
211763	VEN	GERVAZZI Pedro	M
211781	VEN	CAMERO Arianna	W
211924	FIJ	LOO Guojin	M
212088	VEN	RODRIGUEZ Jorge	M
212090	VEN	OCHOA Luis	M
90051	VEN	LOPEZ Francisco	M
